Id;Catégorie;Description;Energ_Kcal;Protéine;gras;Cholestérol;Sodium
21;Croquettes;Chicken McNuggets  (20 piece);1030;49;65;170;2280
57;Sandwich;Grilled Chicken Flatbread;520;28;22;70;1590
126;Déjeuners;Steak Egg & Cheese Bagel;640;31;31;265;1540
120;Déjeuners;Spanish Omelete Bagel;710;27;40;275;1520
59;Déjeuners;Ham Egg & Cheese Bagel;550;26;23;255;1500
48;Sandwich;Double Quarter Pounder  with Cheese ;760;46;48;165;1450
8;Déjeuners;Big Déjeuners;710;24;48;455;1430
2;Déjeuners;Bacon Egg & Cheese Biscuit;480;21;31;250;1360
111;Déjeuners;Sausage Egg & Cheese McGriddles™;550;20;33;260;1290
3;Déjeuners;Bacon Egg & Cheese McGriddles™;450;19;23;240;1270
102;Sandwich;Quarter Pounder  with Cheese ;530;28;30;95;1250
47;Sandwich;Double Cheeseburger;480;25;27;85;1220
41;Salades;Crispy Chicken California Cobb Salad;380;27;23;125;1170
20;Croquettes;Chicken McNuggets  (10 piece);510;25;33;85;1140
38;Sandwich;Crispy Chicken;500;22;26;50;1100
9;Sandwich;Big Mac ;580;24;33;85;1050
39;Salades;Crispy Chicken Bacon Ranch Salad;370;26;21;65;1040
11;Sandwich;Big N' Tasty  with Cheese;580;26;37;95;1030
109;Déjeuners;Sausage Biscuit with Egg;490;16;33;245;1010
112;Déjeuners;Sausage McGriddles™;420;11;23;35;970
56;Salades;Grilled Chicken California Cobb Salad;280;30;14;130;960
93;Vinaigrettes à salades;Newman's Own  Light Balsamic Vinaigrette?;90;0;8;0;950
108;Déjeuners;Sausage Biscuit;410;10;28;35;930
114;Déjeuners;Sausage McMuffin  with Egg;450;20;28;260;930
19;Sandwich;Chicken McGrill ;400;25;17;60;890
40;Salades;Crispy Chicken Caesar Salad;310;23;16;50;890
49;Déjeuners;Egg McMuffin ;300;18;12;235;840
84;Sandwich;McChicken ;430;14;23;45;840
54;Salades;Grilled Chicken Bacon Ranch Salad;270;28;13;75;830
69;Sandwich;Hot 'n Spicy McChicken ;450;15;26;45;830
138;Desserts;Vanilla Triple Thick™ Shake (32 fl oz cup);1140;28;32;135;810
18;Sandwich;Cheeseburger;330;15;14;45;800
10;Sandwich;Big N' Tasty ;530;24;32;80;790
113;Déjeuners;Sausage McMuffin ;370;14;23;50;790
101;Sandwich;Quarter Pounder  ;420;23;21;70;780
73;Déjeuners;Hotcakes (margarine 2 pats & syrup);600;9;17;20;770
51;Sandwich;Filet-O-Fish ;470;15;26;50;730
23;Croquettes;Chicken McNuggets  (6 piece);310;15;20;50;680
55;Salades;Grilled Chicken Caesar Salad;210;26;7;60;680
110;Déjeuners;Sausage Déjeuners Burrito ;290;13;16;170;680
12;Déjeuners;Biscuit;240;4;11;0;640
60;Sandwich;Hamburger;280;12;10;30;560
28;Desserts;Chocolate Triple Thick™ Shake (32 fl oz cup);1150;30;33;135;550
94;Vinaigrettes à salades;Newman's Own  Ranch Dressing;290;1;30;20;530
137;Desserts;Vanilla Triple Thick™ Shake (21 fl oz cup);750;18;21;90;530
5;Déjeuners;Bagel (plain);260;9;1;0;520
92;Vinaigrettes à salades;Newman's Own  Creamy Caesar Dressing;190;2;18;20;500
22;Croquettes;Chicken McNuggets  (4 piece);210;10;13;35;460
17;Salades;California Cobb Salad (without chicken);160;11;11;85;450
91;Vinaigrettes à salades;Newman's Own  Cobb Dressing;120;1;9;10;440
100;Desserts;Oreo  McFlurry™ (16 fl oz cup);820;22;29;100;420
136;Desserts;Vanilla Triple Thick™ Shake (16 fl oz cup);570;14;16;65;400
106;Desserts;Raspberry Triple Thick™ Shake (32 fl oz cup) ;1120;28;32;135;390
132;Frites;Super Size  Frites;610;9;29;0;390
131;Desserts;Strawberry Triple Thick™ Shake (32 fl oz cup);1120;28;32;135;380
15;Desserts;Butterfinger  McFlurry™ (16 fl oz cup);900;23;31;100;370
27;Desserts;Chocolate Triple Thick™ Shake (21 fl oz cup);750;19;22;90;360
80;Frites;Large Frites;540;8;26;0;350
90;Desserts;Nestle Crunch  McFlurry™ (16 fl oz cup);920;23;35;110;340
61;Déjeuners;Hash Browns;130;1;8;0;330
4;Salades;Bacon Ranch Salad (without chicken);140;9;10;25;310
83;Desserts;M&M  McFlurry™ (16 fl oz cup);910;23;33;105;300
135;Desserts;Vanilla Triple Thick™ Shake (12 fl oz cup);430;11;12;50;300
88;Frites;Medium Frites;450;6;22;0;290
107;Déjeuners;Sausage;170;6;16;35;290
26;Desserts;Chocolate Triple Thick™ Shake (16 fl oz cup);580;15;17;65;280
99;Desserts;Oreo  McFlurry™ (12 fl oz cup);570;15;20;70;280
50;Déjeuners;English Muffin;150;5;2;0;270
14;Desserts;Butterfinger   McFlurry ™ (12 fl oz cup);620;16;22;70;260
105;Desserts;Raspberry Triple Thick™ Shake (21 fl oz cup) ;730;19;21;90;260
7;Croquettes;Barbeque Sauce;45;0;0;0;250
29;Déjeuners;Cinnamon Roll ;340;5;15;35;250
86;Desserts;McDonaldland  Cookies;230;3;8;0;250
130;Desserts;Strawberry Triple Thick™ Shake (21 fl oz cup);730;19;21;90;250
53;Desserts;Fruit 'n Yogurt Parfait¯;380;10;5;15;240
72;Croquettes;Hot Mustard Sauce;60;1;3;5;240
89;Desserts;Nestle Crunch  McFlurry™ (12 fl oz cup);630;16;24;75;230
25;Desserts;Chocolate Triple Thick™ Shake (12 fl oz cup);430;11;12;50;210
82;Desserts;M&M  McFlurry™ (12 fl oz cup);630;16;23;75;210
87;Frites;McValue  Frites;320;5;16;0;210
6;Desserts;Baked Apple Pie;260;3;13;0;200
104;Desserts;Raspberry Triple Thick™ Shake (16 fl oz cup) ;560;14;16;65;190
129;Desserts;Strawberry Triple Thick™ Shake (16 fl oz cup);560;14;16;65;190
70;Desserts;Hot Caramel Sundae;360;7;10;35;180
16;Salades;Caesar Salad (without chicken);90;7;4;10;170
71;Desserts;Hot Fudge Sundae;340;8;12;30;170
85;Desserts;McDonaldland  Chocolate Chip Cookies;280;3;14;40;170
115;Déjeuners;Scrambled Eggs (2);160;13;11;425;170
24;Desserts;Chocolate Chip Cookie ;170;2;9;5;150
103;Desserts;Raspberry Triple Thick™ Shake (12 fl oz cup) ;420;11;12;50;150
125;Breuvages;Sprite  (Super Size ) ;410;0;0;0;150
13;Salades;Butter Garlic Croutons;50;1;1;0;140
128;Desserts;Strawberry Triple Thick™ Shake (12 fl oz cup);420;11;12;50;140
133;Croquettes;Sweet 'N Sour Sauce;50;0;0;0;140
117;Frites;Small Frites;210;3;10;0;135
1;Breuvages;Lowfat Milk;100;8;2;10;115
52;Desserts;Fruit 'n Yogurt Parfait (w/o granola)¯;280;8;4;15;115
122;Breuvages;Sprite  (Large) ;310;0;0;0;115
81;Croquettes;Light Mayonnaise?;45;0;4;10;100
68;Croquettes;Honey Mustard Sauce;50;0;4;10;95
127;Desserts;Strawberry Sundae;290;7;7;30;95
119;Desserts;Snack Size Fruit 'n Yogurt Parfait¯;160;4;2;5;85
123;Breuvages;Sprite  (Medium) ;210;0;9999;0;80
46;Breuvages;Diet Coke  (Super Size ) ;0;0;0;0;75
66;Breuvages;Hi-C  Orange Drink (Super Size ) ;460;0;0;0;75
134;Desserts;Vanilla Reduced Fat Ice Cream Cone;150;4;4;20;75
43;Breuvages;Diet Coke  (Large) ;0;0;0;0;60
63;Breuvages;Hi-C  Orange Drink (Large) ;350;0;0;0;60
95;Desserts;Nuts (for Sundaes);40;2;3;0;55
118;Desserts;Snack Size Fruit 'n Yogurt Parfait (w/o granola)¯;130;4;2;5;55
124;Breuvages;Sprite  (Small) ;150;0;0;0;55
34;Breuvages;Coca-Cola Classic  (Super Size ) ;410;0;33;0;40
44;Breuvages;Diet Coke  (Medium) ;0;0;0;0;40
64;Breuvages;Hi-C  Orange Drink (Medium) ;240;0;0;0;40
121;Breuvages;Sprite  (Child) ;110;0;0;0;40
31;Breuvages;Coca-Cola Classic  (Large) ;310;0;0;0;30
45;Breuvages;Diet Coke  (Small) ;0;0;0;0;30
65;Breuvages;Hi-C  Orange Drink (Small) ;160;0;0;0;30
78;Breuvages;Iced Tea (Super Size );0;0;0;0;25
32;Breuvages;Coca-Cola Classic  (Medium) ;210;0;0;0;20
42;Breuvages;Diet Coke  (Child) ;0;0;0;0;20
62;Breuvages;Hi-C  Orange Drink (Child) ;120;0;0;0;20
75;Breuvages;Iced Tea (Large);0;0;0;0;20
79;Desserts;Kiddie Cone;45;1;1;5;20
33;Breuvages;Coca-Cola Classic  (Small) ;150;0;0;0;15
76;Breuvages;Iced Tea (Medium);0;0;0;0;15
30;Breuvages;Coca-Cola Classic  (Child) ;110;0;0;0;10
35;Breuvages;Coffee (Large);10;0;0;0;10
77;Breuvages;Iced Tea (Small);0;0;0;0;10
98;Breuvages;Orange Juice (21 fl oz cup);250;4;0;0;10
116;Salades;Side Salad;15;1;0;0;10
36;Breuvages;Coffee (Medium);5;0;0;0;5
74;Breuvages;Iced Tea (Child);0;0;0;0;5
96;Breuvages;Orange Juice (12 fl oz cup);140;2;0;0;5
97;Breuvages;Orange Juice (16 fl oz cup);180;3;0;0;5
37;Breuvages;Coffee (Small);0;0;0;0;0
58;Breuvages;Half & Half Creamer;15;0;1;5;0
67;Croquettes;Honey;45;0;0;0;0
Id,Catégorie,Description,Energ_Kcal,Protéine,gras,Cholestérol,Sodium
21.0,Croquettes,Chicken McNuggets  (20 piece),1030.0,49.0,65.0,170.0,2280.0
57.0,Sandwich,Grilled Chicken Flatbread,520.0,28.0,22.0,70.0,1590.0
126.0,Déjeuners,Steak Egg & Cheese Bagel,640.0,31.0,31.0,265.0,1540.0
120.0,Déjeuners,Spanish Omelete Bagel,710.0,27.0,40.0,275.0,1520.0
59.0,Déjeuners,Ham Egg & Cheese Bagel,550.0,26.0,23.0,255.0,1500.0
48.0,Sandwich,Double Quarter Pounder  with Cheese ,760.0,46.0,48.0,165.0,1450.0
8.0,Déjeuners,Big Déjeuners,710.0,24.0,48.0,455.0,1430.0
2.0,Déjeuners,Bacon Egg & Cheese Biscuit,480.0,21.0,31.0,250.0,1360.0
111.0,Déjeuners,Sausage Egg & Cheese McGriddles™,550.0,20.0,33.0,260.0,1290.0
3.0,Déjeuners,Bacon Egg & Cheese McGriddles™,450.0,19.0,23.0,240.0,1270.0
102.0,Sandwich,Quarter Pounder  with Cheese ,530.0,28.0,30.0,95.0,1250.0
47.0,Sandwich,Double Cheeseburger,480.0,25.0,27.0,85.0,1220.0
41.0,Salades,Crispy Chicken California Cobb Salad,380.0,27.0,23.0,125.0,1170.0
20.0,Croquettes,Chicken McNuggets  (10 piece),510.0,25.0,33.0,85.0,1140.0
38.0,Sandwich,Crispy Chicken,500.0,22.0,26.0,50.0,1100.0
9.0,Sandwich,Big Mac ,580.0,24.0,33.0,85.0,1050.0
39.0,Salades,Crispy Chicken Bacon Ranch Salad,370.0,26.0,21.0,65.0,1040.0
11.0,Sandwich,Big N' Tasty  with Cheese,580.0,26.0,37.0,95.0,1030.0
109.0,Déjeuners,Sausage Biscuit with Egg,490.0,16.0,33.0,245.0,1010.0
112.0,Déjeuners,Sausage McGriddles™,420.0,11.0,23.0,35.0,970.0
56.0,Salades,Grilled Chicken California Cobb Salad,280.0,30.0,14.0,130.0,960.0
93.0,Vinaigrettes à salades,Newman's Own  Light Balsamic Vinaigrette?,90.0,0.0,8.0,0.0,950.0
108.0,Déjeuners,Sausage Biscuit,410.0,10.0,28.0,35.0,930.0
114.0,Déjeuners,Sausage McMuffin  with Egg,450.0,20.0,28.0,260.0,930.0
19.0,Sandwich,Chicken McGrill ,400.0,25.0,17.0,60.0,890.0
40.0,Salades,Crispy Chicken Caesar Salad,310.0,23.0,16.0,50.0,890.0
49.0,Déjeuners,Egg McMuffin ,300.0,18.0,12.0,235.0,840.0
84.0,Sandwich,McChicken ,430.0,14.0,23.0,45.0,840.0
54.0,Salades,Grilled Chicken Bacon Ranch Salad,270.0,28.0,13.0,75.0,830.0
69.0,Sandwich,Hot 'n Spicy McChicken ,450.0,15.0,26.0,45.0,830.0
138.0,Desserts,Vanilla Triple Thick™ Shake (32 fl oz cup),1140.0,28.0,32.0,135.0,810.0
18.0,Sandwich,Cheeseburger,330.0,15.0,14.0,45.0,800.0
10.0,Sandwich,Big N' Tasty ,530.0,24.0,32.0,80.0,790.0
113.0,Déjeuners,Sausage McMuffin ,370.0,14.0,23.0,50.0,790.0
101.0,Sandwich,Quarter Pounder  ,420.0,23.0,21.0,70.0,780.0
73.0,Déjeuners,Hotcakes (margarine 2 pats & syrup),600.0,9.0,17.0,20.0,770.0
51.0,Sandwich,Filet-O-Fish ,470.0,15.0,26.0,50.0,730.0
23.0,Croquettes,Chicken McNuggets  (6 piece),310.0,15.0,20.0,50.0,680.0
55.0,Salades,Grilled Chicken Caesar Salad,210.0,26.0,7.0,60.0,680.0
110.0,Déjeuners,Sausage Déjeuners Burrito ,290.0,13.0,16.0,170.0,680.0
12.0,Déjeuners,Biscuit,240.0,4.0,11.0,0.0,640.0
60.0,Sandwich,Hamburger,280.0,12.0,10.0,30.0,560.0
28.0,Desserts,Chocolate Triple Thick™ Shake (32 fl oz cup),1150.0,30.0,33.0,135.0,550.0
94.0,Vinaigrettes à salades,Newman's Own  Ranch Dressing,290.0,1.0,30.0,20.0,530.0
137.0,Desserts,Vanilla Triple Thick™ Shake (21 fl oz cup),750.0,18.0,21.0,90.0,530.0
5.0,Déjeuners,Bagel (plain),260.0,9.0,1.0,0.0,520.0
92.0,Vinaigrettes à salades,Newman's Own  Creamy Caesar Dressing,190.0,2.0,18.0,20.0,500.0
22.0,Croquettes,Chicken McNuggets  (4 piece),210.0,10.0,13.0,35.0,460.0
17.0,Salades,California Cobb Salad (without chicken),160.0,11.0,11.0,85.0,450.0
91.0,Vinaigrettes à salades,Newman's Own  Cobb Dressing,120.0,1.0,9.0,10.0,440.0
100.0,Desserts,Oreo  McFlurry™ (16 fl oz cup),820.0,22.0,29.0,100.0,420.0
136.0,Desserts,Vanilla Triple Thick™ Shake (16 fl oz cup),570.0,14.0,16.0,65.0,400.0
106.0,Desserts,Raspberry Triple Thick™ Shake (32 fl oz cup) ,1120.0,28.0,32.0,135.0,390.0
132.0,Frites,Super Size  Frites,610.0,9.0,29.0,0.0,390.0
131.0,Desserts,Strawberry Triple Thick™ Shake (32 fl oz cup),1120.0,28.0,32.0,135.0,380.0
15.0,Desserts,Butterfinger  McFlurry™ (16 fl oz cup),900.0,23.0,31.0,100.0,370.0
27.0,Desserts,Chocolate Triple Thick™ Shake (21 fl oz cup),750.0,19.0,22.0,90.0,360.0
80.0,Frites,Large Frites,540.0,8.0,26.0,0.0,350.0
90.0,Desserts,Nestle Crunch  McFlurry™ (16 fl oz cup),920.0,23.0,35.0,110.0,340.0
61.0,Déjeuners,Hash Browns,130.0,1.0,8.0,0.0,330.0
4.0,Salades,Bacon Ranch Salad (without chicken),140.0,9.0,10.0,25.0,310.0
83.0,Desserts,M&M  McFlurry™ (16 fl oz cup),910.0,23.0,33.0,105.0,300.0
135.0,Desserts,Vanilla Triple Thick™ Shake (12 fl oz cup),430.0,11.0,12.0,50.0,300.0
88.0,Frites,Medium Frites,450.0,6.0,22.0,0.0,290.0
107.0,Déjeuners,Sausage,170.0,6.0,16.0,35.0,290.0
26.0,Desserts,Chocolate Triple Thick™ Shake (16 fl oz cup),580.0,15.0,17.0,65.0,280.0
99.0,Desserts,Oreo  McFlurry™ (12 fl oz cup),570.0,15.0,20.0,70.0,280.0
50.0,Déjeuners,English Muffin,150.0,5.0,2.0,0.0,270.0
14.0,Desserts,Butterfinger   McFlurry ™ (12 fl oz cup),620.0,16.0,22.0,70.0,260.0
105.0,Desserts,Raspberry Triple Thick™ Shake (21 fl oz cup) ,730.0,19.0,21.0,90.0,260.0
7.0,Croquettes,Barbeque Sauce,45.0,0.0,0.0,0.0,250.0
29.0,Déjeuners,Cinnamon Roll ,340.0,5.0,15.0,35.0,250.0
86.0,Desserts,McDonaldland  Cookies,230.0,3.0,8.0,0.0,250.0
130.0,Desserts,Strawberry Triple Thick™ Shake (21 fl oz cup),730.0,19.0,21.0,90.0,250.0
53.0,Desserts,Fruit 'n Yogurt Parfait¯,380.0,10.0,5.0,15.0,240.0
72.0,Croquettes,Hot Mustard Sauce,60.0,1.0,3.0,5.0,240.0
89.0,Desserts,Nestle Crunch  McFlurry™ (12 fl oz cup),630.0,16.0,24.0,75.0,230.0
25.0,Desserts,Chocolate Triple Thick™ Shake (12 fl oz cup),430.0,11.0,12.0,50.0,210.0
82.0,Desserts,M&M  McFlurry™ (12 fl oz cup),630.0,16.0,23.0,75.0,210.0
87.0,Frites,McValue  Frites,320.0,5.0,16.0,0.0,210.0
6.0,Desserts,Baked Apple Pie,260.0,3.0,13.0,0.0,200.0
104.0,Desserts,Raspberry Triple Thick™ Shake (16 fl oz cup) ,560.0,14.0,16.0,65.0,190.0
129.0,Desserts,Strawberry Triple Thick™ Shake (16 fl oz cup),560.0,14.0,16.0,65.0,190.0
70.0,Desserts,Hot Caramel Sundae,360.0,7.0,10.0,35.0,180.0
16.0,Salades,Caesar Salad (without chicken),90.0,7.0,4.0,10.0,170.0
71.0,Desserts,Hot Fudge Sundae,340.0,8.0,12.0,30.0,170.0
85.0,Desserts,McDonaldland  Chocolate Chip Cookies,280.0,3.0,14.0,40.0,170.0
115.0,Déjeuners,Scrambled Eggs (2),160.0,13.0,11.0,425.0,170.0
24.0,Desserts,Chocolate Chip Cookie ,170.0,2.0,9.0,5.0,150.0
103.0,Desserts,Raspberry Triple Thick™ Shake (12 fl oz cup) ,420.0,11.0,12.0,50.0,150.0
125.0,Breuvages,Sprite  (Super Size ) ,410.0,0.0,0.0,0.0,150.0
13.0,Salades,Butter Garlic Croutons,50.0,1.0,1.0,0.0,140.0
128.0,Desserts,Strawberry Triple Thick™ Shake (12 fl oz cup),420.0,11.0,12.0,50.0,140.0
133.0,Croquettes,Sweet 'N Sour Sauce,50.0,0.0,0.0,0.0,140.0
117.0,Frites,Small Frites,210.0,3.0,10.0,0.0,135.0
1.0,Breuvages,Lowfat Milk,100.0,8.0,2.0,10.0,115.0
52.0,Desserts,Fruit 'n Yogurt Parfait (w/o granola)¯,280.0,8.0,4.0,15.0,115.0
122.0,Breuvages,Sprite  (Large) ,310.0,0.0,0.0,0.0,115.0
81.0,Croquettes,Light Mayonnaise?,45.0,0.0,4.0,10.0,100.0
68.0,Croquettes,Honey Mustard Sauce,50.0,0.0,4.0,10.0,95.0
127.0,Desserts,Strawberry Sundae,290.0,7.0,7.0,30.0,95.0
119.0,Desserts,Snack Size Fruit 'n Yogurt Parfait¯,160.0,4.0,2.0,5.0,85.0
123.0,Breuvages,Sprite  (Medium) ,210.0,0.0,9999.0,0.0,80.0
46.0,Breuvages,Diet Coke  (Super Size ) ,0.0,0.0,0.0,0.0,75.0
66.0,Breuvages,Hi-C  Orange Drink (Super Size ) ,460.0,0.0,0.0,0.0,75.0
134.0,Desserts,Vanilla Reduced Fat Ice Cream Cone,150.0,4.0,4.0,20.0,75.0
43.0,Breuvages,Diet Coke  (Large) ,0.0,0.0,0.0,0.0,60.0
63.0,Breuvages,Hi-C  Orange Drink (Large) ,350.0,0.0,0.0,0.0,60.0
95.0,Desserts,Nuts (for Sundaes),40.0,2.0,3.0,0.0,55.0
118.0,Desserts,Snack Size Fruit 'n Yogurt Parfait (w/o granola)¯,130.0,4.0,2.0,5.0,55.0
124.0,Breuvages,Sprite  (Small) ,150.0,0.0,0.0,0.0,55.0
34.0,Breuvages,Coca-Cola Classic  (Super Size ) ,410.0,0.0,33.0,0.0,40.0
44.0,Breuvages,Diet Coke  (Medium) ,0.0,0.0,0.0,0.0,40.0
64.0,Breuvages,Hi-C  Orange Drink (Medium) ,240.0,0.0,0.0,0.0,40.0
121.0,Breuvages,Sprite  (Child) ,110.0,0.0,0.0,0.0,40.0
31.0,Breuvages,Coca-Cola Classic  (Large) ,310.0,0.0,0.0,0.0,30.0
45.0,Breuvages,Diet Coke  (Small) ,0.0,0.0,0.0,0.0,30.0
65.0,Breuvages,Hi-C  Orange Drink (Small) ,160.0,0.0,0.0,0.0,30.0
78.0,Breuvages,Iced Tea (Super Size ),0.0,0.0,0.0,0.0,25.0
32.0,Breuvages,Coca-Cola Classic  (Medium) ,210.0,0.0,0.0,0.0,20.0
42.0,Breuvages,Diet Coke  (Child) ,0.0,0.0,0.0,0.0,20.0
62.0,Breuvages,Hi-C  Orange Drink (Child) ,120.0,0.0,0.0,0.0,20.0
75.0,Breuvages,Iced Tea (Large),0.0,0.0,0.0,0.0,20.0
79.0,Desserts,Kiddie Cone,45.0,1.0,1.0,5.0,20.0
33.0,Breuvages,Coca-Cola Classic  (Small) ,150.0,0.0,0.0,0.0,15.0
76.0,Breuvages,Iced Tea (Medium),0.0,0.0,0.0,0.0,15.0
30.0,Breuvages,Coca-Cola Classic  (Child) ,110.0,0.0,0.0,0.0,10.0
35.0,Breuvages,Coffee (Large),10.0,0.0,0.0,0.0,10.0
77.0,Breuvages,Iced Tea (Small),0.0,0.0,0.0,0.0,10.0
98.0,Breuvages,Orange Juice (21 fl oz cup),250.0,4.0,0.0,0.0,10.0
116.0,Salades,Side Salad,15.0,1.0,0.0,0.0,10.0
36.0,Breuvages,Coffee (Medium),5.0,0.0,0.0,0.0,5.0
74.0,Breuvages,Iced Tea (Child),0.0,0.0,0.0,0.0,5.0
96.0,Breuvages,Orange Juice (12 fl oz cup),140.0,2.0,0.0,0.0,5.0
97.0,Breuvages,Orange Juice (16 fl oz cup),180.0,3.0,0.0,0.0,5.0
37.0,Breuvages,Coffee (Small),0.0,0.0,0.0,0.0,0.0
58.0,Breuvages,Half & Half Creamer,15.0,0.0,1.0,5.0,0.0
67.0,Croquettes,Honey,45.0,0.0,0.0,0.0,0.0
,2,,,,,,
Id,Catégorie,Description,Energ_Kcal,Protéine,gras,Cholestérol,Sodium
21.0,Croquettes,Chicken McNuggets  (20 piece),1030.0,49.0,65.0,170.0,2280.0
57.0,Sandwich,Grilled Chicken Flatbread,520.0,28.0,22.0,70.0,1590.0
126.0,Déjeuners,Steak Egg & Cheese Bagel,640.0,31.0,31.0,265.0,1540.0
120.0,Déjeuners,Spanish Omelete Bagel,710.0,27.0,40.0,275.0,1520.0
59.0,Déjeuners,Ham Egg & Cheese Bagel,550.0,26.0,23.0,255.0,1500.0
48.0,Sandwich,Double Quarter Pounder  with Cheese ,760.0,46.0,48.0,165.0,1450.0
8.0,Déjeuners,Big Déjeuners,710.0,24.0,48.0,455.0,1430.0
2.0,Déjeuners,Bacon Egg & Cheese Biscuit,480.0,21.0,31.0,250.0,1360.0
111.0,Déjeuners,Sausage Egg & Cheese McGriddles™,550.0,20.0,33.0,260.0,1290.0
3.0,Déjeuners,Bacon Egg & Cheese McGriddles™,450.0,19.0,23.0,240.0,1270.0
102.0,Sandwich,Quarter Pounder  with Cheese ,530.0,28.0,30.0,95.0,1250.0
47.0,Sandwich,Double Cheeseburger,480.0,25.0,27.0,85.0,1220.0
41.0,Salades,Crispy Chicken California Cobb Salad,380.0,27.0,23.0,125.0,1170.0
20.0,Croquettes,Chicken McNuggets  (10 piece),510.0,25.0,33.0,85.0,1140.0
38.0,Sandwich,Crispy Chicken,500.0,22.0,26.0,50.0,1100.0
9.0,Sandwich,Big Mac ,580.0,24.0,33.0,85.0,1050.0
39.0,Salades,Crispy Chicken Bacon Ranch Salad,370.0,26.0,21.0,65.0,1040.0
11.0,Sandwich,Big N' Tasty  with Cheese,580.0,26.0,37.0,95.0,1030.0
109.0,Déjeuners,Sausage Biscuit with Egg,490.0,16.0,33.0,245.0,1010.0
112.0,Déjeuners,Sausage McGriddles™,420.0,11.0,23.0,35.0,970.0
56.0,Salades,Grilled Chicken California Cobb Salad,280.0,30.0,14.0,130.0,960.0
93.0,Vinaigrettes à salades,Newman's Own  Light Balsamic Vinaigrette?,90.0,0.0,8.0,0.0,950.0
108.0,Déjeuners,Sausage Biscuit,410.0,10.0,28.0,35.0,930.0
114.0,Déjeuners,Sausage McMuffin  with Egg,450.0,20.0,28.0,260.0,930.0
19.0,Sandwich,Chicken McGrill ,400.0,25.0,17.0,60.0,890.0
40.0,Salades,Crispy Chicken Caesar Salad,310.0,23.0,16.0,50.0,890.0
49.0,Déjeuners,Egg McMuffin ,300.0,18.0,12.0,235.0,840.0
84.0,Sandwich,McChicken ,430.0,14.0,23.0,45.0,840.0
54.0,Salades,Grilled Chicken Bacon Ranch Salad,270.0,28.0,13.0,75.0,830.0
69.0,Sandwich,Hot 'n Spicy McChicken ,450.0,15.0,26.0,45.0,830.0
138.0,Desserts,Vanilla Triple Thick™ Shake (32 fl oz cup),1140.0,28.0,32.0,135.0,810.0
18.0,Sandwich,Cheeseburger,330.0,15.0,14.0,45.0,800.0
10.0,Sandwich,Big N' Tasty ,530.0,24.0,32.0,80.0,790.0
113.0,Déjeuners,Sausage McMuffin ,370.0,14.0,23.0,50.0,790.0
101.0,Sandwich,Quarter Pounder  ,420.0,23.0,21.0,70.0,780.0
73.0,Déjeuners,Hotcakes (margarine 2 pats & syrup),600.0,9.0,17.0,20.0,770.0
51.0,Sandwich,Filet-O-Fish ,470.0,15.0,26.0,50.0,730.0
23.0,Croquettes,Chicken McNuggets  (6 piece),310.0,15.0,20.0,50.0,680.0
55.0,Salades,Grilled Chicken Caesar Salad,210.0,26.0,7.0,60.0,680.0
110.0,Déjeuners,Sausage Déjeuners Burrito ,290.0,13.0,16.0,170.0,680.0
12.0,Déjeuners,Biscuit,240.0,4.0,11.0,0.0,640.0
60.0,Sandwich,Hamburger,280.0,12.0,10.0,30.0,560.0
28.0,Desserts,Chocolate Triple Thick™ Shake (32 fl oz cup),1150.0,30.0,33.0,135.0,550.0
94.0,Vinaigrettes à salades,Newman's Own  Ranch Dressing,290.0,1.0,30.0,20.0,530.0
137.0,Desserts,Vanilla Triple Thick™ Shake (21 fl oz cup),750.0,18.0,21.0,90.0,530.0
5.0,Déjeuners,Bagel (plain),260.0,9.0,1.0,0.0,520.0
92.0,Vinaigrettes à salades,Newman's Own  Creamy Caesar Dressing,190.0,2.0,18.0,20.0,500.0
22.0,Croquettes,Chicken McNuggets  (4 piece),210.0,10.0,13.0,35.0,460.0
17.0,Salades,California Cobb Salad (without chicken),160.0,11.0,11.0,85.0,450.0
91.0,Vinaigrettes à salades,Newman's Own  Cobb Dressing,120.0,1.0,9.0,10.0,440.0
100.0,Desserts,Oreo  McFlurry™ (16 fl oz cup),820.0,22.0,29.0,100.0,420.0
136.0,Desserts,Vanilla Triple Thick™ Shake (16 fl oz cup),570.0,14.0,16.0,65.0,400.0
106.0,Desserts,Raspberry Triple Thick™ Shake (32 fl oz cup) ,1120.0,28.0,32.0,135.0,390.0
132.0,Frites,Super Size  Frites,610.0,9.0,29.0,0.0,390.0
131.0,Desserts,Strawberry Triple Thick™ Shake (32 fl oz cup),1120.0,28.0,32.0,135.0,380.0
15.0,Desserts,Butterfinger  McFlurry™ (16 fl oz cup),900.0,23.0,31.0,100.0,370.0
27.0,Desserts,Chocolate Triple Thick™ Shake (21 fl oz cup),750.0,19.0,22.0,90.0,360.0
80.0,Frites,Large Frites,540.0,8.0,26.0,0.0,350.0
90.0,Desserts,Nestle Crunch  McFlurry™ (16 fl oz cup),920.0,23.0,35.0,110.0,340.0
61.0,Déjeuners,Hash Browns,130.0,1.0,8.0,0.0,330.0
4.0,Salades,Bacon Ranch Salad (without chicken),140.0,9.0,10.0,25.0,310.0
83.0,Desserts,M&M  McFlurry™ (16 fl oz cup),910.0,23.0,33.0,105.0,300.0
135.0,Desserts,Vanilla Triple Thick™ Shake (12 fl oz cup),430.0,11.0,12.0,50.0,300.0
88.0,Frites,Medium Frites,450.0,6.0,22.0,0.0,290.0
107.0,Déjeuners,Sausage,170.0,6.0,16.0,35.0,290.0
26.0,Desserts,Chocolate Triple Thick™ Shake (16 fl oz cup),580.0,15.0,17.0,65.0,280.0
99.0,Desserts,Oreo  McFlurry™ (12 fl oz cup),570.0,15.0,20.0,70.0,280.0
50.0,Déjeuners,English Muffin,150.0,5.0,2.0,0.0,270.0
14.0,Desserts,Butterfinger   McFlurry ™ (12 fl oz cup),620.0,16.0,22.0,70.0,260.0
105.0,Desserts,Raspberry Triple Thick™ Shake (21 fl oz cup) ,730.0,19.0,21.0,90.0,260.0
7.0,Croquettes,Barbeque Sauce,45.0,0.0,0.0,0.0,250.0
29.0,Déjeuners,Cinnamon Roll ,340.0,5.0,15.0,35.0,250.0
86.0,Desserts,McDonaldland  Cookies,230.0,3.0,8.0,0.0,250.0
130.0,Desserts,Strawberry Triple Thick™ Shake (21 fl oz cup),730.0,19.0,21.0,90.0,250.0
53.0,Desserts,Fruit 'n Yogurt Parfait¯,380.0,10.0,5.0,15.0,240.0
72.0,Croquettes,Hot Mustard Sauce,60.0,1.0,3.0,5.0,240.0
89.0,Desserts,Nestle Crunch  McFlurry™ (12 fl oz cup),630.0,16.0,24.0,75.0,230.0
25.0,Desserts,Chocolate Triple Thick™ Shake (12 fl oz cup),430.0,11.0,12.0,50.0,210.0
82.0,Desserts,M&M  McFlurry™ (12 fl oz cup),630.0,16.0,23.0,75.0,210.0
87.0,Frites,McValue  Frites,320.0,5.0,16.0,0.0,210.0
6.0,Desserts,Baked Apple Pie,260.0,3.0,13.0,0.0,200.0
104.0,Desserts,Raspberry Triple Thick™ Shake (16 fl oz cup) ,560.0,14.0,16.0,65.0,190.0
129.0,Desserts,Strawberry Triple Thick™ Shake (16 fl oz cup),560.0,14.0,16.0,65.0,190.0
70.0,Desserts,Hot Caramel Sundae,360.0,7.0,10.0,35.0,180.0
16.0,Salades,Caesar Salad (without chicken),90.0,7.0,4.0,10.0,170.0
71.0,Desserts,Hot Fudge Sundae,340.0,8.0,12.0,30.0,170.0
85.0,Desserts,McDonaldland  Chocolate Chip Cookies,280.0,3.0,14.0,40.0,170.0
115.0,Déjeuners,Scrambled Eggs (2),160.0,13.0,11.0,425.0,170.0
24.0,Desserts,Chocolate Chip Cookie ,170.0,2.0,9.0,5.0,150.0
103.0,Desserts,Raspberry Triple Thick™ Shake (12 fl oz cup) ,420.0,11.0,12.0,50.0,150.0
125.0,Breuvages,Sprite  (Super Size ) ,410.0,0.0,0.0,0.0,150.0
13.0,Salades,Butter Garlic Croutons,50.0,1.0,1.0,0.0,140.0
128.0,Desserts,Strawberry Triple Thick™ Shake (12 fl oz cup),420.0,11.0,12.0,50.0,140.0
133.0,Croquettes,Sweet 'N Sour Sauce,50.0,0.0,0.0,0.0,140.0
117.0,Frites,Small Frites,210.0,3.0,10.0,0.0,135.0
1.0,Breuvages,Lowfat Milk,100.0,8.0,2.0,10.0,115.0
52.0,Desserts,Fruit 'n Yogurt Parfait (w/o granola)¯,280.0,8.0,4.0,15.0,115.0
122.0,Breuvages,Sprite  (Large) ,310.0,0.0,0.0,0.0,115.0
81.0,Croquettes,Light Mayonnaise?,45.0,0.0,4.0,10.0,100.0
68.0,Croquettes,Honey Mustard Sauce,50.0,0.0,4.0,10.0,95.0
127.0,Desserts,Strawberry Sundae,290.0,7.0,7.0,30.0,95.0
119.0,Desserts,Snack Size Fruit 'n Yogurt Parfait¯,160.0,4.0,2.0,5.0,85.0
123.0,Breuvages,Sprite  (Medium) ,210.0,0.0,9999.0,0.0,80.0
46.0,Breuvages,Diet Coke  (Super Size ) ,0.0,0.0,0.0,0.0,75.0
66.0,Breuvages,Hi-C  Orange Drink (Super Size ) ,460.0,0.0,0.0,0.0,75.0
134.0,Desserts,Vanilla Reduced Fat Ice Cream Cone,150.0,4.0,4.0,20.0,75.0
43.0,Breuvages,Diet Coke  (Large) ,0.0,0.0,0.0,0.0,60.0
63.0,Breuvages,Hi-C  Orange Drink (Large) ,350.0,0.0,0.0,0.0,60.0
95.0,Desserts,Nuts (for Sundaes),40.0,2.0,3.0,0.0,55.0
118.0,Desserts,Snack Size Fruit 'n Yogurt Parfait (w/o granola)¯,130.0,4.0,2.0,5.0,55.0
124.0,Breuvages,Sprite  (Small) ,150.0,0.0,0.0,0.0,55.0
34.0,Breuvages,Coca-Cola Classic  (Super Size ) ,410.0,0.0,33.0,0.0,40.0
44.0,Breuvages,Diet Coke  (Medium) ,0.0,0.0,0.0,0.0,40.0
64.0,Breuvages,Hi-C  Orange Drink (Medium) ,240.0,0.0,0.0,0.0,40.0
121.0,Breuvages,Sprite  (Child) ,110.0,0.0,0.0,0.0,40.0
31.0,Breuvages,Coca-Cola Classic  (Large) ,310.0,0.0,0.0,0.0,30.0
45.0,Breuvages,Diet Coke  (Small) ,0.0,0.0,0.0,0.0,30.0
65.0,Breuvages,Hi-C  Orange Drink (Small) ,160.0,0.0,0.0,0.0,30.0
78.0,Breuvages,Iced Tea (Super Size ),0.0,0.0,0.0,0.0,25.0
32.0,Breuvages,Coca-Cola Classic  (Medium) ,210.0,0.0,0.0,0.0,20.0
42.0,Breuvages,Diet Coke  (Child) ,0.0,0.0,0.0,0.0,20.0
62.0,Breuvages,Hi-C  Orange Drink (Child) ,120.0,0.0,0.0,0.0,20.0
75.0,Breuvages,Iced Tea (Large),0.0,0.0,0.0,0.0,20.0
79.0,Desserts,Kiddie Cone,45.0,1.0,1.0,5.0,20.0
33.0,Breuvages,Coca-Cola Classic  (Small) ,150.0,0.0,0.0,0.0,15.0
76.0,Breuvages,Iced Tea (Medium),0.0,0.0,0.0,0.0,15.0
30.0,Breuvages,Coca-Cola Classic  (Child) ,110.0,0.0,0.0,0.0,10.0
35.0,Breuvages,Coffee (Large),10.0,0.0,0.0,0.0,10.0
77.0,Breuvages,Iced Tea (Small),0.0,0.0,0.0,0.0,10.0
98.0,Breuvages,Orange Juice (21 fl oz cup),250.0,4.0,0.0,0.0,10.0
116.0,Salades,Side Salad,15.0,1.0,0.0,0.0,10.0
36.0,Breuvages,Coffee (Medium),5.0,0.0,0.0,0.0,5.0
74.0,Breuvages,Iced Tea (Child),0.0,0.0,0.0,0.0,5.0
96.0,Breuvages,Orange Juice (12 fl oz cup),140.0,2.0,0.0,0.0,5.0
97.0,Breuvages,Orange Juice (16 fl oz cup),180.0,3.0,0.0,0.0,5.0
37.0,Breuvages,Coffee (Small),0.0,0.0,0.0,0.0,0.0
58.0,Breuvages,Half & Half Creamer,15.0,0.0,1.0,5.0,0.0
67.0,Croquettes,Honey,45.0,0.0,0.0,0.0,0.0
,2,,,,,,
,2,eee,,,,,
Id,Catégorie,Description,Energ_Kcal,Protéine,gras,Cholestérol,Sodium
21.0,Croquettes,Chicken McNuggets  (20 piece),1030.0,49.0,65.0,170.0,2280.0
57.0,Sandwich,Grilled Chicken Flatbread,520.0,28.0,22.0,70.0,1590.0
126.0,Déjeuners,Steak Egg & Cheese Bagel,640.0,31.0,31.0,265.0,1540.0
120.0,Déjeuners,Spanish Omelete Bagel,710.0,27.0,40.0,275.0,1520.0
59.0,Déjeuners,Ham Egg & Cheese Bagel,550.0,26.0,23.0,255.0,1500.0
48.0,Sandwich,Double Quarter Pounder  with Cheese ,760.0,46.0,48.0,165.0,1450.0
8.0,Déjeuners,Big Déjeuners,710.0,24.0,48.0,455.0,1430.0
2.0,Déjeuners,Bacon Egg & Cheese Biscuit,480.0,21.0,31.0,250.0,1360.0
111.0,Déjeuners,Sausage Egg & Cheese McGriddles™,550.0,20.0,33.0,260.0,1290.0
3.0,Déjeuners,Bacon Egg & Cheese McGriddles™,450.0,19.0,23.0,240.0,1270.0
102.0,Sandwich,Quarter Pounder  with Cheese ,530.0,28.0,30.0,95.0,1250.0
47.0,Sandwich,Double Cheeseburger,480.0,25.0,27.0,85.0,1220.0
41.0,Salades,Crispy Chicken California Cobb Salad,380.0,27.0,23.0,125.0,1170.0
20.0,Croquettes,Chicken McNuggets  (10 piece),510.0,25.0,33.0,85.0,1140.0
38.0,Sandwich,Crispy Chicken,500.0,22.0,26.0,50.0,1100.0
9.0,Sandwich,Big Mac ,580.0,24.0,33.0,85.0,1050.0
39.0,Salades,Crispy Chicken Bacon Ranch Salad,370.0,26.0,21.0,65.0,1040.0
11.0,Sandwich,Big N' Tasty  with Cheese,580.0,26.0,37.0,95.0,1030.0
109.0,Déjeuners,Sausage Biscuit with Egg,490.0,16.0,33.0,245.0,1010.0
112.0,Déjeuners,Sausage McGriddles™,420.0,11.0,23.0,35.0,970.0
56.0,Salades,Grilled Chicken California Cobb Salad,280.0,30.0,14.0,130.0,960.0
93.0,Vinaigrettes à salades,Newman's Own  Light Balsamic Vinaigrette?,90.0,0.0,8.0,0.0,950.0
108.0,Déjeuners,Sausage Biscuit,410.0,10.0,28.0,35.0,930.0
114.0,Déjeuners,Sausage McMuffin  with Egg,450.0,20.0,28.0,260.0,930.0
19.0,Sandwich,Chicken McGrill ,400.0,25.0,17.0,60.0,890.0
40.0,Salades,Crispy Chicken Caesar Salad,310.0,23.0,16.0,50.0,890.0
49.0,Déjeuners,Egg McMuffin ,300.0,18.0,12.0,235.0,840.0
84.0,Sandwich,McChicken ,430.0,14.0,23.0,45.0,840.0
54.0,Salades,Grilled Chicken Bacon Ranch Salad,270.0,28.0,13.0,75.0,830.0
69.0,Sandwich,Hot 'n Spicy McChicken ,450.0,15.0,26.0,45.0,830.0
138.0,Desserts,Vanilla Triple Thick™ Shake (32 fl oz cup),1140.0,28.0,32.0,135.0,810.0
18.0,Sandwich,Cheeseburger,330.0,15.0,14.0,45.0,800.0
10.0,Sandwich,Big N' Tasty ,530.0,24.0,32.0,80.0,790.0
113.0,Déjeuners,Sausage McMuffin ,370.0,14.0,23.0,50.0,790.0
101.0,Sandwich,Quarter Pounder  ,420.0,23.0,21.0,70.0,780.0
73.0,Déjeuners,Hotcakes (margarine 2 pats & syrup),600.0,9.0,17.0,20.0,770.0
51.0,Sandwich,Filet-O-Fish ,470.0,15.0,26.0,50.0,730.0
23.0,Croquettes,Chicken McNuggets  (6 piece),310.0,15.0,20.0,50.0,680.0
55.0,Salades,Grilled Chicken Caesar Salad,210.0,26.0,7.0,60.0,680.0
110.0,Déjeuners,Sausage Déjeuners Burrito ,290.0,13.0,16.0,170.0,680.0
12.0,Déjeuners,Biscuit,240.0,4.0,11.0,0.0,640.0
60.0,Sandwich,Hamburger,280.0,12.0,10.0,30.0,560.0
28.0,Desserts,Chocolate Triple Thick™ Shake (32 fl oz cup),1150.0,30.0,33.0,135.0,550.0
94.0,Vinaigrettes à salades,Newman's Own  Ranch Dressing,290.0,1.0,30.0,20.0,530.0
137.0,Desserts,Vanilla Triple Thick™ Shake (21 fl oz cup),750.0,18.0,21.0,90.0,530.0
5.0,Déjeuners,Bagel (plain),260.0,9.0,1.0,0.0,520.0
92.0,Vinaigrettes à salades,Newman's Own  Creamy Caesar Dressing,190.0,2.0,18.0,20.0,500.0
22.0,Croquettes,Chicken McNuggets  (4 piece),210.0,10.0,13.0,35.0,460.0
17.0,Salades,California Cobb Salad (without chicken),160.0,11.0,11.0,85.0,450.0
91.0,Vinaigrettes à salades,Newman's Own  Cobb Dressing,120.0,1.0,9.0,10.0,440.0
100.0,Desserts,Oreo  McFlurry™ (16 fl oz cup),820.0,22.0,29.0,100.0,420.0
136.0,Desserts,Vanilla Triple Thick™ Shake (16 fl oz cup),570.0,14.0,16.0,65.0,400.0
106.0,Desserts,Raspberry Triple Thick™ Shake (32 fl oz cup) ,1120.0,28.0,32.0,135.0,390.0
132.0,Frites,Super Size  Frites,610.0,9.0,29.0,0.0,390.0
131.0,Desserts,Strawberry Triple Thick™ Shake (32 fl oz cup),1120.0,28.0,32.0,135.0,380.0
15.0,Desserts,Butterfinger  McFlurry™ (16 fl oz cup),900.0,23.0,31.0,100.0,370.0
27.0,Desserts,Chocolate Triple Thick™ Shake (21 fl oz cup),750.0,19.0,22.0,90.0,360.0
80.0,Frites,Large Frites,540.0,8.0,26.0,0.0,350.0
90.0,Desserts,Nestle Crunch  McFlurry™ (16 fl oz cup),920.0,23.0,35.0,110.0,340.0
61.0,Déjeuners,Hash Browns,130.0,1.0,8.0,0.0,330.0
4.0,Salades,Bacon Ranch Salad (without chicken),140.0,9.0,10.0,25.0,310.0
83.0,Desserts,M&M  McFlurry™ (16 fl oz cup),910.0,23.0,33.0,105.0,300.0
135.0,Desserts,Vanilla Triple Thick™ Shake (12 fl oz cup),430.0,11.0,12.0,50.0,300.0
88.0,Frites,Medium Frites,450.0,6.0,22.0,0.0,290.0
107.0,Déjeuners,Sausage,170.0,6.0,16.0,35.0,290.0
26.0,Desserts,Chocolate Triple Thick™ Shake (16 fl oz cup),580.0,15.0,17.0,65.0,280.0
99.0,Desserts,Oreo  McFlurry™ (12 fl oz cup),570.0,15.0,20.0,70.0,280.0
50.0,Déjeuners,English Muffin,150.0,5.0,2.0,0.0,270.0
14.0,Desserts,Butterfinger   McFlurry ™ (12 fl oz cup),620.0,16.0,22.0,70.0,260.0
105.0,Desserts,Raspberry Triple Thick™ Shake (21 fl oz cup) ,730.0,19.0,21.0,90.0,260.0
7.0,Croquettes,Barbeque Sauce,45.0,0.0,0.0,0.0,250.0
29.0,Déjeuners,Cinnamon Roll ,340.0,5.0,15.0,35.0,250.0
86.0,Desserts,McDonaldland  Cookies,230.0,3.0,8.0,0.0,250.0
130.0,Desserts,Strawberry Triple Thick™ Shake (21 fl oz cup),730.0,19.0,21.0,90.0,250.0
53.0,Desserts,Fruit 'n Yogurt Parfait¯,380.0,10.0,5.0,15.0,240.0
72.0,Croquettes,Hot Mustard Sauce,60.0,1.0,3.0,5.0,240.0
89.0,Desserts,Nestle Crunch  McFlurry™ (12 fl oz cup),630.0,16.0,24.0,75.0,230.0
25.0,Desserts,Chocolate Triple Thick™ Shake (12 fl oz cup),430.0,11.0,12.0,50.0,210.0
82.0,Desserts,M&M  McFlurry™ (12 fl oz cup),630.0,16.0,23.0,75.0,210.0
87.0,Frites,McValue  Frites,320.0,5.0,16.0,0.0,210.0
6.0,Desserts,Baked Apple Pie,260.0,3.0,13.0,0.0,200.0
104.0,Desserts,Raspberry Triple Thick™ Shake (16 fl oz cup) ,560.0,14.0,16.0,65.0,190.0
129.0,Desserts,Strawberry Triple Thick™ Shake (16 fl oz cup),560.0,14.0,16.0,65.0,190.0
70.0,Desserts,Hot Caramel Sundae,360.0,7.0,10.0,35.0,180.0
16.0,Salades,Caesar Salad (without chicken),90.0,7.0,4.0,10.0,170.0
71.0,Desserts,Hot Fudge Sundae,340.0,8.0,12.0,30.0,170.0
85.0,Desserts,McDonaldland  Chocolate Chip Cookies,280.0,3.0,14.0,40.0,170.0
115.0,Déjeuners,Scrambled Eggs (2),160.0,13.0,11.0,425.0,170.0
24.0,Desserts,Chocolate Chip Cookie ,170.0,2.0,9.0,5.0,150.0
103.0,Desserts,Raspberry Triple Thick™ Shake (12 fl oz cup) ,420.0,11.0,12.0,50.0,150.0
125.0,Breuvages,Sprite  (Super Size ) ,410.0,0.0,0.0,0.0,150.0
13.0,Salades,Butter Garlic Croutons,50.0,1.0,1.0,0.0,140.0
128.0,Desserts,Strawberry Triple Thick™ Shake (12 fl oz cup),420.0,11.0,12.0,50.0,140.0
133.0,Croquettes,Sweet 'N Sour Sauce,50.0,0.0,0.0,0.0,140.0
117.0,Frites,Small Frites,210.0,3.0,10.0,0.0,135.0
1.0,Breuvages,Lowfat Milk,100.0,8.0,2.0,10.0,115.0
52.0,Desserts,Fruit 'n Yogurt Parfait (w/o granola)¯,280.0,8.0,4.0,15.0,115.0
122.0,Breuvages,Sprite  (Large) ,310.0,0.0,0.0,0.0,115.0
81.0,Croquettes,Light Mayonnaise?,45.0,0.0,4.0,10.0,100.0
68.0,Croquettes,Honey Mustard Sauce,50.0,0.0,4.0,10.0,95.0
127.0,Desserts,Strawberry Sundae,290.0,7.0,7.0,30.0,95.0
119.0,Desserts,Snack Size Fruit 'n Yogurt Parfait¯,160.0,4.0,2.0,5.0,85.0
123.0,Breuvages,Sprite  (Medium) ,210.0,0.0,9999.0,0.0,80.0
46.0,Breuvages,Diet Coke  (Super Size ) ,0.0,0.0,0.0,0.0,75.0
66.0,Breuvages,Hi-C  Orange Drink (Super Size ) ,460.0,0.0,0.0,0.0,75.0
134.0,Desserts,Vanilla Reduced Fat Ice Cream Cone,150.0,4.0,4.0,20.0,75.0
43.0,Breuvages,Diet Coke  (Large) ,0.0,0.0,0.0,0.0,60.0
63.0,Breuvages,Hi-C  Orange Drink (Large) ,350.0,0.0,0.0,0.0,60.0
95.0,Desserts,Nuts (for Sundaes),40.0,2.0,3.0,0.0,55.0
118.0,Desserts,Snack Size Fruit 'n Yogurt Parfait (w/o granola)¯,130.0,4.0,2.0,5.0,55.0
124.0,Breuvages,Sprite  (Small) ,150.0,0.0,0.0,0.0,55.0
34.0,Breuvages,Coca-Cola Classic  (Super Size ) ,410.0,0.0,33.0,0.0,40.0
44.0,Breuvages,Diet Coke  (Medium) ,0.0,0.0,0.0,0.0,40.0
64.0,Breuvages,Hi-C  Orange Drink (Medium) ,240.0,0.0,0.0,0.0,40.0
121.0,Breuvages,Sprite  (Child) ,110.0,0.0,0.0,0.0,40.0
31.0,Breuvages,Coca-Cola Classic  (Large) ,310.0,0.0,0.0,0.0,30.0
45.0,Breuvages,Diet Coke  (Small) ,0.0,0.0,0.0,0.0,30.0
65.0,Breuvages,Hi-C  Orange Drink (Small) ,160.0,0.0,0.0,0.0,30.0
78.0,Breuvages,Iced Tea (Super Size ),0.0,0.0,0.0,0.0,25.0
32.0,Breuvages,Coca-Cola Classic  (Medium) ,210.0,0.0,0.0,0.0,20.0
42.0,Breuvages,Diet Coke  (Child) ,0.0,0.0,0.0,0.0,20.0
62.0,Breuvages,Hi-C  Orange Drink (Child) ,120.0,0.0,0.0,0.0,20.0
75.0,Breuvages,Iced Tea (Large),0.0,0.0,0.0,0.0,20.0
79.0,Desserts,Kiddie Cone,45.0,1.0,1.0,5.0,20.0
33.0,Breuvages,Coca-Cola Classic  (Small) ,150.0,0.0,0.0,0.0,15.0
76.0,Breuvages,Iced Tea (Medium),0.0,0.0,0.0,0.0,15.0
30.0,Breuvages,Coca-Cola Classic  (Child) ,110.0,0.0,0.0,0.0,10.0
35.0,Breuvages,Coffee (Large),10.0,0.0,0.0,0.0,10.0
77.0,Breuvages,Iced Tea (Small),0.0,0.0,0.0,0.0,10.0
98.0,Breuvages,Orange Juice (21 fl oz cup),250.0,4.0,0.0,0.0,10.0
116.0,Salades,Side Salad,15.0,1.0,0.0,0.0,10.0
36.0,Breuvages,Coffee (Medium),5.0,0.0,0.0,0.0,5.0
74.0,Breuvages,Iced Tea (Child),0.0,0.0,0.0,0.0,5.0
96.0,Breuvages,Orange Juice (12 fl oz cup),140.0,2.0,0.0,0.0,5.0
97.0,Breuvages,Orange Juice (16 fl oz cup),180.0,3.0,0.0,0.0,5.0
37.0,Breuvages,Coffee (Small),0.0,0.0,0.0,0.0,0.0
58.0,Breuvages,Half & Half Creamer,15.0,0.0,1.0,5.0,0.0
67.0,Croquettes,Honey,45.0,0.0,0.0,0.0,0.0
,2,,,,,,
,2,eee,,,,,
,2,eee,333,,,,
Id,Catégorie,Description,Energ_Kcal,Protéine,gras,Cholestérol,Sodium
21.0,Croquettes,Chicken McNuggets  (20 piece),1030.0,49.0,65.0,170.0,2280.0
57.0,Sandwich,Grilled Chicken Flatbread,520.0,28.0,22.0,70.0,1590.0
126.0,Déjeuners,Steak Egg & Cheese Bagel,640.0,31.0,31.0,265.0,1540.0
120.0,Déjeuners,Spanish Omelete Bagel,710.0,27.0,40.0,275.0,1520.0
59.0,Déjeuners,Ham Egg & Cheese Bagel,550.0,26.0,23.0,255.0,1500.0
48.0,Sandwich,Double Quarter Pounder  with Cheese ,760.0,46.0,48.0,165.0,1450.0
8.0,Déjeuners,Big Déjeuners,710.0,24.0,48.0,455.0,1430.0
2.0,Déjeuners,Bacon Egg & Cheese Biscuit,480.0,21.0,31.0,250.0,1360.0
111.0,Déjeuners,Sausage Egg & Cheese McGriddles™,550.0,20.0,33.0,260.0,1290.0
3.0,Déjeuners,Bacon Egg & Cheese McGriddles™,450.0,19.0,23.0,240.0,1270.0
102.0,Sandwich,Quarter Pounder  with Cheese ,530.0,28.0,30.0,95.0,1250.0
47.0,Sandwich,Double Cheeseburger,480.0,25.0,27.0,85.0,1220.0
41.0,Salades,Crispy Chicken California Cobb Salad,380.0,27.0,23.0,125.0,1170.0
20.0,Croquettes,Chicken McNuggets  (10 piece),510.0,25.0,33.0,85.0,1140.0
38.0,Sandwich,Crispy Chicken,500.0,22.0,26.0,50.0,1100.0
9.0,Sandwich,Big Mac ,580.0,24.0,33.0,85.0,1050.0
39.0,Salades,Crispy Chicken Bacon Ranch Salad,370.0,26.0,21.0,65.0,1040.0
11.0,Sandwich,Big N' Tasty  with Cheese,580.0,26.0,37.0,95.0,1030.0
109.0,Déjeuners,Sausage Biscuit with Egg,490.0,16.0,33.0,245.0,1010.0
112.0,Déjeuners,Sausage McGriddles™,420.0,11.0,23.0,35.0,970.0
56.0,Salades,Grilled Chicken California Cobb Salad,280.0,30.0,14.0,130.0,960.0
93.0,Vinaigrettes à salades,Newman's Own  Light Balsamic Vinaigrette?,90.0,0.0,8.0,0.0,950.0
108.0,Déjeuners,Sausage Biscuit,410.0,10.0,28.0,35.0,930.0
114.0,Déjeuners,Sausage McMuffin  with Egg,450.0,20.0,28.0,260.0,930.0
19.0,Sandwich,Chicken McGrill ,400.0,25.0,17.0,60.0,890.0
40.0,Salades,Crispy Chicken Caesar Salad,310.0,23.0,16.0,50.0,890.0
49.0,Déjeuners,Egg McMuffin ,300.0,18.0,12.0,235.0,840.0
84.0,Sandwich,McChicken ,430.0,14.0,23.0,45.0,840.0
54.0,Salades,Grilled Chicken Bacon Ranch Salad,270.0,28.0,13.0,75.0,830.0
69.0,Sandwich,Hot 'n Spicy McChicken ,450.0,15.0,26.0,45.0,830.0
138.0,Desserts,Vanilla Triple Thick™ Shake (32 fl oz cup),1140.0,28.0,32.0,135.0,810.0
18.0,Sandwich,Cheeseburger,330.0,15.0,14.0,45.0,800.0
10.0,Sandwich,Big N' Tasty ,530.0,24.0,32.0,80.0,790.0
113.0,Déjeuners,Sausage McMuffin ,370.0,14.0,23.0,50.0,790.0
101.0,Sandwich,Quarter Pounder  ,420.0,23.0,21.0,70.0,780.0
73.0,Déjeuners,Hotcakes (margarine 2 pats & syrup),600.0,9.0,17.0,20.0,770.0
51.0,Sandwich,Filet-O-Fish ,470.0,15.0,26.0,50.0,730.0
23.0,Croquettes,Chicken McNuggets  (6 piece),310.0,15.0,20.0,50.0,680.0
55.0,Salades,Grilled Chicken Caesar Salad,210.0,26.0,7.0,60.0,680.0
110.0,Déjeuners,Sausage Déjeuners Burrito ,290.0,13.0,16.0,170.0,680.0
12.0,Déjeuners,Biscuit,240.0,4.0,11.0,0.0,640.0
60.0,Sandwich,Hamburger,280.0,12.0,10.0,30.0,560.0
28.0,Desserts,Chocolate Triple Thick™ Shake (32 fl oz cup),1150.0,30.0,33.0,135.0,550.0
94.0,Vinaigrettes à salades,Newman's Own  Ranch Dressing,290.0,1.0,30.0,20.0,530.0
137.0,Desserts,Vanilla Triple Thick™ Shake (21 fl oz cup),750.0,18.0,21.0,90.0,530.0
5.0,Déjeuners,Bagel (plain),260.0,9.0,1.0,0.0,520.0
92.0,Vinaigrettes à salades,Newman's Own  Creamy Caesar Dressing,190.0,2.0,18.0,20.0,500.0
22.0,Croquettes,Chicken McNuggets  (4 piece),210.0,10.0,13.0,35.0,460.0
17.0,Salades,California Cobb Salad (without chicken),160.0,11.0,11.0,85.0,450.0
91.0,Vinaigrettes à salades,Newman's Own  Cobb Dressing,120.0,1.0,9.0,10.0,440.0
100.0,Desserts,Oreo  McFlurry™ (16 fl oz cup),820.0,22.0,29.0,100.0,420.0
136.0,Desserts,Vanilla Triple Thick™ Shake (16 fl oz cup),570.0,14.0,16.0,65.0,400.0
106.0,Desserts,Raspberry Triple Thick™ Shake (32 fl oz cup) ,1120.0,28.0,32.0,135.0,390.0
132.0,Frites,Super Size  Frites,610.0,9.0,29.0,0.0,390.0
131.0,Desserts,Strawberry Triple Thick™ Shake (32 fl oz cup),1120.0,28.0,32.0,135.0,380.0
15.0,Desserts,Butterfinger  McFlurry™ (16 fl oz cup),900.0,23.0,31.0,100.0,370.0
27.0,Desserts,Chocolate Triple Thick™ Shake (21 fl oz cup),750.0,19.0,22.0,90.0,360.0
80.0,Frites,Large Frites,540.0,8.0,26.0,0.0,350.0
90.0,Desserts,Nestle Crunch  McFlurry™ (16 fl oz cup),920.0,23.0,35.0,110.0,340.0
61.0,Déjeuners,Hash Browns,130.0,1.0,8.0,0.0,330.0
4.0,Salades,Bacon Ranch Salad (without chicken),140.0,9.0,10.0,25.0,310.0
83.0,Desserts,M&M  McFlurry™ (16 fl oz cup),910.0,23.0,33.0,105.0,300.0
135.0,Desserts,Vanilla Triple Thick™ Shake (12 fl oz cup),430.0,11.0,12.0,50.0,300.0
88.0,Frites,Medium Frites,450.0,6.0,22.0,0.0,290.0
107.0,Déjeuners,Sausage,170.0,6.0,16.0,35.0,290.0
26.0,Desserts,Chocolate Triple Thick™ Shake (16 fl oz cup),580.0,15.0,17.0,65.0,280.0
99.0,Desserts,Oreo  McFlurry™ (12 fl oz cup),570.0,15.0,20.0,70.0,280.0
50.0,Déjeuners,English Muffin,150.0,5.0,2.0,0.0,270.0
14.0,Desserts,Butterfinger   McFlurry ™ (12 fl oz cup),620.0,16.0,22.0,70.0,260.0
105.0,Desserts,Raspberry Triple Thick™ Shake (21 fl oz cup) ,730.0,19.0,21.0,90.0,260.0
7.0,Croquettes,Barbeque Sauce,45.0,0.0,0.0,0.0,250.0
29.0,Déjeuners,Cinnamon Roll ,340.0,5.0,15.0,35.0,250.0
86.0,Desserts,McDonaldland  Cookies,230.0,3.0,8.0,0.0,250.0
130.0,Desserts,Strawberry Triple Thick™ Shake (21 fl oz cup),730.0,19.0,21.0,90.0,250.0
53.0,Desserts,Fruit 'n Yogurt Parfait¯,380.0,10.0,5.0,15.0,240.0
72.0,Croquettes,Hot Mustard Sauce,60.0,1.0,3.0,5.0,240.0
89.0,Desserts,Nestle Crunch  McFlurry™ (12 fl oz cup),630.0,16.0,24.0,75.0,230.0
25.0,Desserts,Chocolate Triple Thick™ Shake (12 fl oz cup),430.0,11.0,12.0,50.0,210.0
82.0,Desserts,M&M  McFlurry™ (12 fl oz cup),630.0,16.0,23.0,75.0,210.0
87.0,Frites,McValue  Frites,320.0,5.0,16.0,0.0,210.0
6.0,Desserts,Baked Apple Pie,260.0,3.0,13.0,0.0,200.0
104.0,Desserts,Raspberry Triple Thick™ Shake (16 fl oz cup) ,560.0,14.0,16.0,65.0,190.0
129.0,Desserts,Strawberry Triple Thick™ Shake (16 fl oz cup),560.0,14.0,16.0,65.0,190.0
70.0,Desserts,Hot Caramel Sundae,360.0,7.0,10.0,35.0,180.0
16.0,Salades,Caesar Salad (without chicken),90.0,7.0,4.0,10.0,170.0
71.0,Desserts,Hot Fudge Sundae,340.0,8.0,12.0,30.0,170.0
85.0,Desserts,McDonaldland  Chocolate Chip Cookies,280.0,3.0,14.0,40.0,170.0
115.0,Déjeuners,Scrambled Eggs (2),160.0,13.0,11.0,425.0,170.0
24.0,Desserts,Chocolate Chip Cookie ,170.0,2.0,9.0,5.0,150.0
103.0,Desserts,Raspberry Triple Thick™ Shake (12 fl oz cup) ,420.0,11.0,12.0,50.0,150.0
125.0,Breuvages,Sprite  (Super Size ) ,410.0,0.0,0.0,0.0,150.0
13.0,Salades,Butter Garlic Croutons,50.0,1.0,1.0,0.0,140.0
128.0,Desserts,Strawberry Triple Thick™ Shake (12 fl oz cup),420.0,11.0,12.0,50.0,140.0
133.0,Croquettes,Sweet 'N Sour Sauce,50.0,0.0,0.0,0.0,140.0
117.0,Frites,Small Frites,210.0,3.0,10.0,0.0,135.0
1.0,Breuvages,Lowfat Milk,100.0,8.0,2.0,10.0,115.0
52.0,Desserts,Fruit 'n Yogurt Parfait (w/o granola)¯,280.0,8.0,4.0,15.0,115.0
122.0,Breuvages,Sprite  (Large) ,310.0,0.0,0.0,0.0,115.0
81.0,Croquettes,Light Mayonnaise?,45.0,0.0,4.0,10.0,100.0
68.0,Croquettes,Honey Mustard Sauce,50.0,0.0,4.0,10.0,95.0
127.0,Desserts,Strawberry Sundae,290.0,7.0,7.0,30.0,95.0
119.0,Desserts,Snack Size Fruit 'n Yogurt Parfait¯,160.0,4.0,2.0,5.0,85.0
123.0,Breuvages,Sprite  (Medium) ,210.0,0.0,9999.0,0.0,80.0
46.0,Breuvages,Diet Coke  (Super Size ) ,0.0,0.0,0.0,0.0,75.0
66.0,Breuvages,Hi-C  Orange Drink (Super Size ) ,460.0,0.0,0.0,0.0,75.0
134.0,Desserts,Vanilla Reduced Fat Ice Cream Cone,150.0,4.0,4.0,20.0,75.0
43.0,Breuvages,Diet Coke  (Large) ,0.0,0.0,0.0,0.0,60.0
63.0,Breuvages,Hi-C  Orange Drink (Large) ,350.0,0.0,0.0,0.0,60.0
95.0,Desserts,Nuts (for Sundaes),40.0,2.0,3.0,0.0,55.0
118.0,Desserts,Snack Size Fruit 'n Yogurt Parfait (w/o granola)¯,130.0,4.0,2.0,5.0,55.0
124.0,Breuvages,Sprite  (Small) ,150.0,0.0,0.0,0.0,55.0
34.0,Breuvages,Coca-Cola Classic  (Super Size ) ,410.0,0.0,33.0,0.0,40.0
44.0,Breuvages,Diet Coke  (Medium) ,0.0,0.0,0.0,0.0,40.0
64.0,Breuvages,Hi-C  Orange Drink (Medium) ,240.0,0.0,0.0,0.0,40.0
121.0,Breuvages,Sprite  (Child) ,110.0,0.0,0.0,0.0,40.0
31.0,Breuvages,Coca-Cola Classic  (Large) ,310.0,0.0,0.0,0.0,30.0
45.0,Breuvages,Diet Coke  (Small) ,0.0,0.0,0.0,0.0,30.0
65.0,Breuvages,Hi-C  Orange Drink (Small) ,160.0,0.0,0.0,0.0,30.0
78.0,Breuvages,Iced Tea (Super Size ),0.0,0.0,0.0,0.0,25.0
32.0,Breuvages,Coca-Cola Classic  (Medium) ,210.0,0.0,0.0,0.0,20.0
42.0,Breuvages,Diet Coke  (Child) ,0.0,0.0,0.0,0.0,20.0
62.0,Breuvages,Hi-C  Orange Drink (Child) ,120.0,0.0,0.0,0.0,20.0
75.0,Breuvages,Iced Tea (Large),0.0,0.0,0.0,0.0,20.0
79.0,Desserts,Kiddie Cone,45.0,1.0,1.0,5.0,20.0
33.0,Breuvages,Coca-Cola Classic  (Small) ,150.0,0.0,0.0,0.0,15.0
76.0,Breuvages,Iced Tea (Medium),0.0,0.0,0.0,0.0,15.0
30.0,Breuvages,Coca-Cola Classic  (Child) ,110.0,0.0,0.0,0.0,10.0
35.0,Breuvages,Coffee (Large),10.0,0.0,0.0,0.0,10.0
77.0,Breuvages,Iced Tea (Small),0.0,0.0,0.0,0.0,10.0
98.0,Breuvages,Orange Juice (21 fl oz cup),250.0,4.0,0.0,0.0,10.0
116.0,Salades,Side Salad,15.0,1.0,0.0,0.0,10.0
36.0,Breuvages,Coffee (Medium),5.0,0.0,0.0,0.0,5.0
74.0,Breuvages,Iced Tea (Child),0.0,0.0,0.0,0.0,5.0
96.0,Breuvages,Orange Juice (12 fl oz cup),140.0,2.0,0.0,0.0,5.0
97.0,Breuvages,Orange Juice (16 fl oz cup),180.0,3.0,0.0,0.0,5.0
37.0,Breuvages,Coffee (Small),0.0,0.0,0.0,0.0,0.0
58.0,Breuvages,Half & Half Creamer,15.0,0.0,1.0,5.0,0.0
67.0,Croquettes,Honey,45.0,0.0,0.0,0.0,0.0
,2,,,,,,
,2,eee,,,,,
,2,eee,333,,,,
,2,eee,333,333,,,
Id,Catégorie,Description,Energ_Kcal,Protéine,gras,Cholestérol,Sodium
21.0,Croquettes,Chicken McNuggets  (20 piece),1030.0,49.0,65.0,170.0,2280.0
57.0,Sandwich,Grilled Chicken Flatbread,520.0,28.0,22.0,70.0,1590.0
126.0,Déjeuners,Steak Egg & Cheese Bagel,640.0,31.0,31.0,265.0,1540.0
120.0,Déjeuners,Spanish Omelete Bagel,710.0,27.0,40.0,275.0,1520.0
59.0,Déjeuners,Ham Egg & Cheese Bagel,550.0,26.0,23.0,255.0,1500.0
48.0,Sandwich,Double Quarter Pounder  with Cheese ,760.0,46.0,48.0,165.0,1450.0
8.0,Déjeuners,Big Déjeuners,710.0,24.0,48.0,455.0,1430.0
2.0,Déjeuners,Bacon Egg & Cheese Biscuit,480.0,21.0,31.0,250.0,1360.0
111.0,Déjeuners,Sausage Egg & Cheese McGriddles™,550.0,20.0,33.0,260.0,1290.0
3.0,Déjeuners,Bacon Egg & Cheese McGriddles™,450.0,19.0,23.0,240.0,1270.0
102.0,Sandwich,Quarter Pounder  with Cheese ,530.0,28.0,30.0,95.0,1250.0
47.0,Sandwich,Double Cheeseburger,480.0,25.0,27.0,85.0,1220.0
41.0,Salades,Crispy Chicken California Cobb Salad,380.0,27.0,23.0,125.0,1170.0
20.0,Croquettes,Chicken McNuggets  (10 piece),510.0,25.0,33.0,85.0,1140.0
38.0,Sandwich,Crispy Chicken,500.0,22.0,26.0,50.0,1100.0
9.0,Sandwich,Big Mac ,580.0,24.0,33.0,85.0,1050.0
39.0,Salades,Crispy Chicken Bacon Ranch Salad,370.0,26.0,21.0,65.0,1040.0
11.0,Sandwich,Big N' Tasty  with Cheese,580.0,26.0,37.0,95.0,1030.0
109.0,Déjeuners,Sausage Biscuit with Egg,490.0,16.0,33.0,245.0,1010.0
112.0,Déjeuners,Sausage McGriddles™,420.0,11.0,23.0,35.0,970.0
56.0,Salades,Grilled Chicken California Cobb Salad,280.0,30.0,14.0,130.0,960.0
93.0,Vinaigrettes à salades,Newman's Own  Light Balsamic Vinaigrette?,90.0,0.0,8.0,0.0,950.0
108.0,Déjeuners,Sausage Biscuit,410.0,10.0,28.0,35.0,930.0
114.0,Déjeuners,Sausage McMuffin  with Egg,450.0,20.0,28.0,260.0,930.0
19.0,Sandwich,Chicken McGrill ,400.0,25.0,17.0,60.0,890.0
40.0,Salades,Crispy Chicken Caesar Salad,310.0,23.0,16.0,50.0,890.0
49.0,Déjeuners,Egg McMuffin ,300.0,18.0,12.0,235.0,840.0
84.0,Sandwich,McChicken ,430.0,14.0,23.0,45.0,840.0
54.0,Salades,Grilled Chicken Bacon Ranch Salad,270.0,28.0,13.0,75.0,830.0
69.0,Sandwich,Hot 'n Spicy McChicken ,450.0,15.0,26.0,45.0,830.0
138.0,Desserts,Vanilla Triple Thick™ Shake (32 fl oz cup),1140.0,28.0,32.0,135.0,810.0
18.0,Sandwich,Cheeseburger,330.0,15.0,14.0,45.0,800.0
10.0,Sandwich,Big N' Tasty ,530.0,24.0,32.0,80.0,790.0
113.0,Déjeuners,Sausage McMuffin ,370.0,14.0,23.0,50.0,790.0
101.0,Sandwich,Quarter Pounder  ,420.0,23.0,21.0,70.0,780.0
73.0,Déjeuners,Hotcakes (margarine 2 pats & syrup),600.0,9.0,17.0,20.0,770.0
51.0,Sandwich,Filet-O-Fish ,470.0,15.0,26.0,50.0,730.0
23.0,Croquettes,Chicken McNuggets  (6 piece),310.0,15.0,20.0,50.0,680.0
55.0,Salades,Grilled Chicken Caesar Salad,210.0,26.0,7.0,60.0,680.0
110.0,Déjeuners,Sausage Déjeuners Burrito ,290.0,13.0,16.0,170.0,680.0
12.0,Déjeuners,Biscuit,240.0,4.0,11.0,0.0,640.0
60.0,Sandwich,Hamburger,280.0,12.0,10.0,30.0,560.0
28.0,Desserts,Chocolate Triple Thick™ Shake (32 fl oz cup),1150.0,30.0,33.0,135.0,550.0
94.0,Vinaigrettes à salades,Newman's Own  Ranch Dressing,290.0,1.0,30.0,20.0,530.0
137.0,Desserts,Vanilla Triple Thick™ Shake (21 fl oz cup),750.0,18.0,21.0,90.0,530.0
5.0,Déjeuners,Bagel (plain),260.0,9.0,1.0,0.0,520.0
92.0,Vinaigrettes à salades,Newman's Own  Creamy Caesar Dressing,190.0,2.0,18.0,20.0,500.0
22.0,Croquettes,Chicken McNuggets  (4 piece),210.0,10.0,13.0,35.0,460.0
17.0,Salades,California Cobb Salad (without chicken),160.0,11.0,11.0,85.0,450.0
91.0,Vinaigrettes à salades,Newman's Own  Cobb Dressing,120.0,1.0,9.0,10.0,440.0
100.0,Desserts,Oreo  McFlurry™ (16 fl oz cup),820.0,22.0,29.0,100.0,420.0
136.0,Desserts,Vanilla Triple Thick™ Shake (16 fl oz cup),570.0,14.0,16.0,65.0,400.0
106.0,Desserts,Raspberry Triple Thick™ Shake (32 fl oz cup) ,1120.0,28.0,32.0,135.0,390.0
132.0,Frites,Super Size  Frites,610.0,9.0,29.0,0.0,390.0
131.0,Desserts,Strawberry Triple Thick™ Shake (32 fl oz cup),1120.0,28.0,32.0,135.0,380.0
15.0,Desserts,Butterfinger  McFlurry™ (16 fl oz cup),900.0,23.0,31.0,100.0,370.0
27.0,Desserts,Chocolate Triple Thick™ Shake (21 fl oz cup),750.0,19.0,22.0,90.0,360.0
80.0,Frites,Large Frites,540.0,8.0,26.0,0.0,350.0
90.0,Desserts,Nestle Crunch  McFlurry™ (16 fl oz cup),920.0,23.0,35.0,110.0,340.0
61.0,Déjeuners,Hash Browns,130.0,1.0,8.0,0.0,330.0
4.0,Salades,Bacon Ranch Salad (without chicken),140.0,9.0,10.0,25.0,310.0
83.0,Desserts,M&M  McFlurry™ (16 fl oz cup),910.0,23.0,33.0,105.0,300.0
135.0,Desserts,Vanilla Triple Thick™ Shake (12 fl oz cup),430.0,11.0,12.0,50.0,300.0
88.0,Frites,Medium Frites,450.0,6.0,22.0,0.0,290.0
107.0,Déjeuners,Sausage,170.0,6.0,16.0,35.0,290.0
26.0,Desserts,Chocolate Triple Thick™ Shake (16 fl oz cup),580.0,15.0,17.0,65.0,280.0
99.0,Desserts,Oreo  McFlurry™ (12 fl oz cup),570.0,15.0,20.0,70.0,280.0
50.0,Déjeuners,English Muffin,150.0,5.0,2.0,0.0,270.0
14.0,Desserts,Butterfinger   McFlurry ™ (12 fl oz cup),620.0,16.0,22.0,70.0,260.0
105.0,Desserts,Raspberry Triple Thick™ Shake (21 fl oz cup) ,730.0,19.0,21.0,90.0,260.0
7.0,Croquettes,Barbeque Sauce,45.0,0.0,0.0,0.0,250.0
29.0,Déjeuners,Cinnamon Roll ,340.0,5.0,15.0,35.0,250.0
86.0,Desserts,McDonaldland  Cookies,230.0,3.0,8.0,0.0,250.0
130.0,Desserts,Strawberry Triple Thick™ Shake (21 fl oz cup),730.0,19.0,21.0,90.0,250.0
53.0,Desserts,Fruit 'n Yogurt Parfait¯,380.0,10.0,5.0,15.0,240.0
72.0,Croquettes,Hot Mustard Sauce,60.0,1.0,3.0,5.0,240.0
89.0,Desserts,Nestle Crunch  McFlurry™ (12 fl oz cup),630.0,16.0,24.0,75.0,230.0
25.0,Desserts,Chocolate Triple Thick™ Shake (12 fl oz cup),430.0,11.0,12.0,50.0,210.0
82.0,Desserts,M&M  McFlurry™ (12 fl oz cup),630.0,16.0,23.0,75.0,210.0
87.0,Frites,McValue  Frites,320.0,5.0,16.0,0.0,210.0
6.0,Desserts,Baked Apple Pie,260.0,3.0,13.0,0.0,200.0
104.0,Desserts,Raspberry Triple Thick™ Shake (16 fl oz cup) ,560.0,14.0,16.0,65.0,190.0
129.0,Desserts,Strawberry Triple Thick™ Shake (16 fl oz cup),560.0,14.0,16.0,65.0,190.0
70.0,Desserts,Hot Caramel Sundae,360.0,7.0,10.0,35.0,180.0
16.0,Salades,Caesar Salad (without chicken),90.0,7.0,4.0,10.0,170.0
71.0,Desserts,Hot Fudge Sundae,340.0,8.0,12.0,30.0,170.0
85.0,Desserts,McDonaldland  Chocolate Chip Cookies,280.0,3.0,14.0,40.0,170.0
115.0,Déjeuners,Scrambled Eggs (2),160.0,13.0,11.0,425.0,170.0
24.0,Desserts,Chocolate Chip Cookie ,170.0,2.0,9.0,5.0,150.0
103.0,Desserts,Raspberry Triple Thick™ Shake (12 fl oz cup) ,420.0,11.0,12.0,50.0,150.0
125.0,Breuvages,Sprite  (Super Size ) ,410.0,0.0,0.0,0.0,150.0
13.0,Salades,Butter Garlic Croutons,50.0,1.0,1.0,0.0,140.0
128.0,Desserts,Strawberry Triple Thick™ Shake (12 fl oz cup),420.0,11.0,12.0,50.0,140.0
133.0,Croquettes,Sweet 'N Sour Sauce,50.0,0.0,0.0,0.0,140.0
117.0,Frites,Small Frites,210.0,3.0,10.0,0.0,135.0
1.0,Breuvages,Lowfat Milk,100.0,8.0,2.0,10.0,115.0
52.0,Desserts,Fruit 'n Yogurt Parfait (w/o granola)¯,280.0,8.0,4.0,15.0,115.0
122.0,Breuvages,Sprite  (Large) ,310.0,0.0,0.0,0.0,115.0
81.0,Croquettes,Light Mayonnaise?,45.0,0.0,4.0,10.0,100.0
68.0,Croquettes,Honey Mustard Sauce,50.0,0.0,4.0,10.0,95.0
127.0,Desserts,Strawberry Sundae,290.0,7.0,7.0,30.0,95.0
119.0,Desserts,Snack Size Fruit 'n Yogurt Parfait¯,160.0,4.0,2.0,5.0,85.0
123.0,Breuvages,Sprite  (Medium) ,210.0,0.0,9999.0,0.0,80.0
46.0,Breuvages,Diet Coke  (Super Size ) ,0.0,0.0,0.0,0.0,75.0
66.0,Breuvages,Hi-C  Orange Drink (Super Size ) ,460.0,0.0,0.0,0.0,75.0
134.0,Desserts,Vanilla Reduced Fat Ice Cream Cone,150.0,4.0,4.0,20.0,75.0
43.0,Breuvages,Diet Coke  (Large) ,0.0,0.0,0.0,0.0,60.0
63.0,Breuvages,Hi-C  Orange Drink (Large) ,350.0,0.0,0.0,0.0,60.0
95.0,Desserts,Nuts (for Sundaes),40.0,2.0,3.0,0.0,55.0
118.0,Desserts,Snack Size Fruit 'n Yogurt Parfait (w/o granola)¯,130.0,4.0,2.0,5.0,55.0
124.0,Breuvages,Sprite  (Small) ,150.0,0.0,0.0,0.0,55.0
34.0,Breuvages,Coca-Cola Classic  (Super Size ) ,410.0,0.0,33.0,0.0,40.0
44.0,Breuvages,Diet Coke  (Medium) ,0.0,0.0,0.0,0.0,40.0
64.0,Breuvages,Hi-C  Orange Drink (Medium) ,240.0,0.0,0.0,0.0,40.0
121.0,Breuvages,Sprite  (Child) ,110.0,0.0,0.0,0.0,40.0
31.0,Breuvages,Coca-Cola Classic  (Large) ,310.0,0.0,0.0,0.0,30.0
45.0,Breuvages,Diet Coke  (Small) ,0.0,0.0,0.0,0.0,30.0
65.0,Breuvages,Hi-C  Orange Drink (Small) ,160.0,0.0,0.0,0.0,30.0
78.0,Breuvages,Iced Tea (Super Size ),0.0,0.0,0.0,0.0,25.0
32.0,Breuvages,Coca-Cola Classic  (Medium) ,210.0,0.0,0.0,0.0,20.0
42.0,Breuvages,Diet Coke  (Child) ,0.0,0.0,0.0,0.0,20.0
62.0,Breuvages,Hi-C  Orange Drink (Child) ,120.0,0.0,0.0,0.0,20.0
75.0,Breuvages,Iced Tea (Large),0.0,0.0,0.0,0.0,20.0
79.0,Desserts,Kiddie Cone,45.0,1.0,1.0,5.0,20.0
33.0,Breuvages,Coca-Cola Classic  (Small) ,150.0,0.0,0.0,0.0,15.0
76.0,Breuvages,Iced Tea (Medium),0.0,0.0,0.0,0.0,15.0
30.0,Breuvages,Coca-Cola Classic  (Child) ,110.0,0.0,0.0,0.0,10.0
35.0,Breuvages,Coffee (Large),10.0,0.0,0.0,0.0,10.0
77.0,Breuvages,Iced Tea (Small),0.0,0.0,0.0,0.0,10.0
98.0,Breuvages,Orange Juice (21 fl oz cup),250.0,4.0,0.0,0.0,10.0
116.0,Salades,Side Salad,15.0,1.0,0.0,0.0,10.0
36.0,Breuvages,Coffee (Medium),5.0,0.0,0.0,0.0,5.0
74.0,Breuvages,Iced Tea (Child),0.0,0.0,0.0,0.0,5.0
96.0,Breuvages,Orange Juice (12 fl oz cup),140.0,2.0,0.0,0.0,5.0
97.0,Breuvages,Orange Juice (16 fl oz cup),180.0,3.0,0.0,0.0,5.0
37.0,Breuvages,Coffee (Small),0.0,0.0,0.0,0.0,0.0
58.0,Breuvages,Half & Half Creamer,15.0,0.0,1.0,5.0,0.0
67.0,Croquettes,Honey,45.0,0.0,0.0,0.0,0.0
,2,,,,,,
,2,eee,,,,,
,2,eee,333,,,,
,2,eee,333,333,,,
,2,eee,333,333,333,,
Id,Catégorie,Description,Energ_Kcal,Protéine,gras,Cholestérol,Sodium
21.0,Croquettes,Chicken McNuggets  (20 piece),1030.0,49.0,65.0,170.0,2280.0
57.0,Sandwich,Grilled Chicken Flatbread,520.0,28.0,22.0,70.0,1590.0
126.0,Déjeuners,Steak Egg & Cheese Bagel,640.0,31.0,31.0,265.0,1540.0
120.0,Déjeuners,Spanish Omelete Bagel,710.0,27.0,40.0,275.0,1520.0
59.0,Déjeuners,Ham Egg & Cheese Bagel,550.0,26.0,23.0,255.0,1500.0
48.0,Sandwich,Double Quarter Pounder  with Cheese ,760.0,46.0,48.0,165.0,1450.0
8.0,Déjeuners,Big Déjeuners,710.0,24.0,48.0,455.0,1430.0
2.0,Déjeuners,Bacon Egg & Cheese Biscuit,480.0,21.0,31.0,250.0,1360.0
111.0,Déjeuners,Sausage Egg & Cheese McGriddles™,550.0,20.0,33.0,260.0,1290.0
3.0,Déjeuners,Bacon Egg & Cheese McGriddles™,450.0,19.0,23.0,240.0,1270.0
102.0,Sandwich,Quarter Pounder  with Cheese ,530.0,28.0,30.0,95.0,1250.0
47.0,Sandwich,Double Cheeseburger,480.0,25.0,27.0,85.0,1220.0
41.0,Salades,Crispy Chicken California Cobb Salad,380.0,27.0,23.0,125.0,1170.0
20.0,Croquettes,Chicken McNuggets  (10 piece),510.0,25.0,33.0,85.0,1140.0
38.0,Sandwich,Crispy Chicken,500.0,22.0,26.0,50.0,1100.0
9.0,Sandwich,Big Mac ,580.0,24.0,33.0,85.0,1050.0
39.0,Salades,Crispy Chicken Bacon Ranch Salad,370.0,26.0,21.0,65.0,1040.0
11.0,Sandwich,Big N' Tasty  with Cheese,580.0,26.0,37.0,95.0,1030.0
109.0,Déjeuners,Sausage Biscuit with Egg,490.0,16.0,33.0,245.0,1010.0
112.0,Déjeuners,Sausage McGriddles™,420.0,11.0,23.0,35.0,970.0
56.0,Salades,Grilled Chicken California Cobb Salad,280.0,30.0,14.0,130.0,960.0
93.0,Vinaigrettes à salades,Newman's Own  Light Balsamic Vinaigrette?,90.0,0.0,8.0,0.0,950.0
108.0,Déjeuners,Sausage Biscuit,410.0,10.0,28.0,35.0,930.0
114.0,Déjeuners,Sausage McMuffin  with Egg,450.0,20.0,28.0,260.0,930.0
19.0,Sandwich,Chicken McGrill ,400.0,25.0,17.0,60.0,890.0
40.0,Salades,Crispy Chicken Caesar Salad,310.0,23.0,16.0,50.0,890.0
49.0,Déjeuners,Egg McMuffin ,300.0,18.0,12.0,235.0,840.0
84.0,Sandwich,McChicken ,430.0,14.0,23.0,45.0,840.0
54.0,Salades,Grilled Chicken Bacon Ranch Salad,270.0,28.0,13.0,75.0,830.0
69.0,Sandwich,Hot 'n Spicy McChicken ,450.0,15.0,26.0,45.0,830.0
138.0,Desserts,Vanilla Triple Thick™ Shake (32 fl oz cup),1140.0,28.0,32.0,135.0,810.0
18.0,Sandwich,Cheeseburger,330.0,15.0,14.0,45.0,800.0
10.0,Sandwich,Big N' Tasty ,530.0,24.0,32.0,80.0,790.0
113.0,Déjeuners,Sausage McMuffin ,370.0,14.0,23.0,50.0,790.0
101.0,Sandwich,Quarter Pounder  ,420.0,23.0,21.0,70.0,780.0
73.0,Déjeuners,Hotcakes (margarine 2 pats & syrup),600.0,9.0,17.0,20.0,770.0
51.0,Sandwich,Filet-O-Fish ,470.0,15.0,26.0,50.0,730.0
23.0,Croquettes,Chicken McNuggets  (6 piece),310.0,15.0,20.0,50.0,680.0
55.0,Salades,Grilled Chicken Caesar Salad,210.0,26.0,7.0,60.0,680.0
110.0,Déjeuners,Sausage Déjeuners Burrito ,290.0,13.0,16.0,170.0,680.0
12.0,Déjeuners,Biscuit,240.0,4.0,11.0,0.0,640.0
60.0,Sandwich,Hamburger,280.0,12.0,10.0,30.0,560.0
28.0,Desserts,Chocolate Triple Thick™ Shake (32 fl oz cup),1150.0,30.0,33.0,135.0,550.0
94.0,Vinaigrettes à salades,Newman's Own  Ranch Dressing,290.0,1.0,30.0,20.0,530.0
137.0,Desserts,Vanilla Triple Thick™ Shake (21 fl oz cup),750.0,18.0,21.0,90.0,530.0
5.0,Déjeuners,Bagel (plain),260.0,9.0,1.0,0.0,520.0
92.0,Vinaigrettes à salades,Newman's Own  Creamy Caesar Dressing,190.0,2.0,18.0,20.0,500.0
22.0,Croquettes,Chicken McNuggets  (4 piece),210.0,10.0,13.0,35.0,460.0
17.0,Salades,California Cobb Salad (without chicken),160.0,11.0,11.0,85.0,450.0
91.0,Vinaigrettes à salades,Newman's Own  Cobb Dressing,120.0,1.0,9.0,10.0,440.0
100.0,Desserts,Oreo  McFlurry™ (16 fl oz cup),820.0,22.0,29.0,100.0,420.0
136.0,Desserts,Vanilla Triple Thick™ Shake (16 fl oz cup),570.0,14.0,16.0,65.0,400.0
106.0,Desserts,Raspberry Triple Thick™ Shake (32 fl oz cup) ,1120.0,28.0,32.0,135.0,390.0
132.0,Frites,Super Size  Frites,610.0,9.0,29.0,0.0,390.0
131.0,Desserts,Strawberry Triple Thick™ Shake (32 fl oz cup),1120.0,28.0,32.0,135.0,380.0
15.0,Desserts,Butterfinger  McFlurry™ (16 fl oz cup),900.0,23.0,31.0,100.0,370.0
27.0,Desserts,Chocolate Triple Thick™ Shake (21 fl oz cup),750.0,19.0,22.0,90.0,360.0
80.0,Frites,Large Frites,540.0,8.0,26.0,0.0,350.0
90.0,Desserts,Nestle Crunch  McFlurry™ (16 fl oz cup),920.0,23.0,35.0,110.0,340.0
61.0,Déjeuners,Hash Browns,130.0,1.0,8.0,0.0,330.0
4.0,Salades,Bacon Ranch Salad (without chicken),140.0,9.0,10.0,25.0,310.0
83.0,Desserts,M&M  McFlurry™ (16 fl oz cup),910.0,23.0,33.0,105.0,300.0
135.0,Desserts,Vanilla Triple Thick™ Shake (12 fl oz cup),430.0,11.0,12.0,50.0,300.0
88.0,Frites,Medium Frites,450.0,6.0,22.0,0.0,290.0
107.0,Déjeuners,Sausage,170.0,6.0,16.0,35.0,290.0
26.0,Desserts,Chocolate Triple Thick™ Shake (16 fl oz cup),580.0,15.0,17.0,65.0,280.0
99.0,Desserts,Oreo  McFlurry™ (12 fl oz cup),570.0,15.0,20.0,70.0,280.0
50.0,Déjeuners,English Muffin,150.0,5.0,2.0,0.0,270.0
14.0,Desserts,Butterfinger   McFlurry ™ (12 fl oz cup),620.0,16.0,22.0,70.0,260.0
105.0,Desserts,Raspberry Triple Thick™ Shake (21 fl oz cup) ,730.0,19.0,21.0,90.0,260.0
7.0,Croquettes,Barbeque Sauce,45.0,0.0,0.0,0.0,250.0
29.0,Déjeuners,Cinnamon Roll ,340.0,5.0,15.0,35.0,250.0
86.0,Desserts,McDonaldland  Cookies,230.0,3.0,8.0,0.0,250.0
130.0,Desserts,Strawberry Triple Thick™ Shake (21 fl oz cup),730.0,19.0,21.0,90.0,250.0
53.0,Desserts,Fruit 'n Yogurt Parfait¯,380.0,10.0,5.0,15.0,240.0
72.0,Croquettes,Hot Mustard Sauce,60.0,1.0,3.0,5.0,240.0
89.0,Desserts,Nestle Crunch  McFlurry™ (12 fl oz cup),630.0,16.0,24.0,75.0,230.0
25.0,Desserts,Chocolate Triple Thick™ Shake (12 fl oz cup),430.0,11.0,12.0,50.0,210.0
82.0,Desserts,M&M  McFlurry™ (12 fl oz cup),630.0,16.0,23.0,75.0,210.0
87.0,Frites,McValue  Frites,320.0,5.0,16.0,0.0,210.0
6.0,Desserts,Baked Apple Pie,260.0,3.0,13.0,0.0,200.0
104.0,Desserts,Raspberry Triple Thick™ Shake (16 fl oz cup) ,560.0,14.0,16.0,65.0,190.0
129.0,Desserts,Strawberry Triple Thick™ Shake (16 fl oz cup),560.0,14.0,16.0,65.0,190.0
70.0,Desserts,Hot Caramel Sundae,360.0,7.0,10.0,35.0,180.0
16.0,Salades,Caesar Salad (without chicken),90.0,7.0,4.0,10.0,170.0
71.0,Desserts,Hot Fudge Sundae,340.0,8.0,12.0,30.0,170.0
85.0,Desserts,McDonaldland  Chocolate Chip Cookies,280.0,3.0,14.0,40.0,170.0
115.0,Déjeuners,Scrambled Eggs (2),160.0,13.0,11.0,425.0,170.0
24.0,Desserts,Chocolate Chip Cookie ,170.0,2.0,9.0,5.0,150.0
103.0,Desserts,Raspberry Triple Thick™ Shake (12 fl oz cup) ,420.0,11.0,12.0,50.0,150.0
125.0,Breuvages,Sprite  (Super Size ) ,410.0,0.0,0.0,0.0,150.0
13.0,Salades,Butter Garlic Croutons,50.0,1.0,1.0,0.0,140.0
128.0,Desserts,Strawberry Triple Thick™ Shake (12 fl oz cup),420.0,11.0,12.0,50.0,140.0
133.0,Croquettes,Sweet 'N Sour Sauce,50.0,0.0,0.0,0.0,140.0
117.0,Frites,Small Frites,210.0,3.0,10.0,0.0,135.0
1.0,Breuvages,Lowfat Milk,100.0,8.0,2.0,10.0,115.0
52.0,Desserts,Fruit 'n Yogurt Parfait (w/o granola)¯,280.0,8.0,4.0,15.0,115.0
122.0,Breuvages,Sprite  (Large) ,310.0,0.0,0.0,0.0,115.0
81.0,Croquettes,Light Mayonnaise?,45.0,0.0,4.0,10.0,100.0
68.0,Croquettes,Honey Mustard Sauce,50.0,0.0,4.0,10.0,95.0
127.0,Desserts,Strawberry Sundae,290.0,7.0,7.0,30.0,95.0
119.0,Desserts,Snack Size Fruit 'n Yogurt Parfait¯,160.0,4.0,2.0,5.0,85.0
123.0,Breuvages,Sprite  (Medium) ,210.0,0.0,9999.0,0.0,80.0
46.0,Breuvages,Diet Coke  (Super Size ) ,0.0,0.0,0.0,0.0,75.0
66.0,Breuvages,Hi-C  Orange Drink (Super Size ) ,460.0,0.0,0.0,0.0,75.0
134.0,Desserts,Vanilla Reduced Fat Ice Cream Cone,150.0,4.0,4.0,20.0,75.0
43.0,Breuvages,Diet Coke  (Large) ,0.0,0.0,0.0,0.0,60.0
63.0,Breuvages,Hi-C  Orange Drink (Large) ,350.0,0.0,0.0,0.0,60.0
95.0,Desserts,Nuts (for Sundaes),40.0,2.0,3.0,0.0,55.0
118.0,Desserts,Snack Size Fruit 'n Yogurt Parfait (w/o granola)¯,130.0,4.0,2.0,5.0,55.0
124.0,Breuvages,Sprite  (Small) ,150.0,0.0,0.0,0.0,55.0
34.0,Breuvages,Coca-Cola Classic  (Super Size ) ,410.0,0.0,33.0,0.0,40.0
44.0,Breuvages,Diet Coke  (Medium) ,0.0,0.0,0.0,0.0,40.0
64.0,Breuvages,Hi-C  Orange Drink (Medium) ,240.0,0.0,0.0,0.0,40.0
121.0,Breuvages,Sprite  (Child) ,110.0,0.0,0.0,0.0,40.0
31.0,Breuvages,Coca-Cola Classic  (Large) ,310.0,0.0,0.0,0.0,30.0
45.0,Breuvages,Diet Coke  (Small) ,0.0,0.0,0.0,0.0,30.0
65.0,Breuvages,Hi-C  Orange Drink (Small) ,160.0,0.0,0.0,0.0,30.0
78.0,Breuvages,Iced Tea (Super Size ),0.0,0.0,0.0,0.0,25.0
32.0,Breuvages,Coca-Cola Classic  (Medium) ,210.0,0.0,0.0,0.0,20.0
42.0,Breuvages,Diet Coke  (Child) ,0.0,0.0,0.0,0.0,20.0
62.0,Breuvages,Hi-C  Orange Drink (Child) ,120.0,0.0,0.0,0.0,20.0
75.0,Breuvages,Iced Tea (Large),0.0,0.0,0.0,0.0,20.0
79.0,Desserts,Kiddie Cone,45.0,1.0,1.0,5.0,20.0
33.0,Breuvages,Coca-Cola Classic  (Small) ,150.0,0.0,0.0,0.0,15.0
76.0,Breuvages,Iced Tea (Medium),0.0,0.0,0.0,0.0,15.0
30.0,Breuvages,Coca-Cola Classic  (Child) ,110.0,0.0,0.0,0.0,10.0
35.0,Breuvages,Coffee (Large),10.0,0.0,0.0,0.0,10.0
77.0,Breuvages,Iced Tea (Small),0.0,0.0,0.0,0.0,10.0
98.0,Breuvages,Orange Juice (21 fl oz cup),250.0,4.0,0.0,0.0,10.0
116.0,Salades,Side Salad,15.0,1.0,0.0,0.0,10.0
36.0,Breuvages,Coffee (Medium),5.0,0.0,0.0,0.0,5.0
74.0,Breuvages,Iced Tea (Child),0.0,0.0,0.0,0.0,5.0
96.0,Breuvages,Orange Juice (12 fl oz cup),140.0,2.0,0.0,0.0,5.0
97.0,Breuvages,Orange Juice (16 fl oz cup),180.0,3.0,0.0,0.0,5.0
37.0,Breuvages,Coffee (Small),0.0,0.0,0.0,0.0,0.0
58.0,Breuvages,Half & Half Creamer,15.0,0.0,1.0,5.0,0.0
67.0,Croquettes,Honey,45.0,0.0,0.0,0.0,0.0
,2,,,,,,
,2,eee,,,,,
,2,eee,333,,,,
,2,eee,333,333,,,
,2,eee,333,333,333,,
,2,eee,333,333,333,333,
Id,Catégorie,Description,Energ_Kcal,Protéine,gras,Cholestérol,Sodium
21.0,Croquettes,Chicken McNuggets  (20 piece),1030.0,49.0,65.0,170.0,2280.0
57.0,Sandwich,Grilled Chicken Flatbread,520.0,28.0,22.0,70.0,1590.0
126.0,Déjeuners,Steak Egg & Cheese Bagel,640.0,31.0,31.0,265.0,1540.0
120.0,Déjeuners,Spanish Omelete Bagel,710.0,27.0,40.0,275.0,1520.0
59.0,Déjeuners,Ham Egg & Cheese Bagel,550.0,26.0,23.0,255.0,1500.0
48.0,Sandwich,Double Quarter Pounder  with Cheese ,760.0,46.0,48.0,165.0,1450.0
8.0,Déjeuners,Big Déjeuners,710.0,24.0,48.0,455.0,1430.0
2.0,Déjeuners,Bacon Egg & Cheese Biscuit,480.0,21.0,31.0,250.0,1360.0
111.0,Déjeuners,Sausage Egg & Cheese McGriddles™,550.0,20.0,33.0,260.0,1290.0
3.0,Déjeuners,Bacon Egg & Cheese McGriddles™,450.0,19.0,23.0,240.0,1270.0
102.0,Sandwich,Quarter Pounder  with Cheese ,530.0,28.0,30.0,95.0,1250.0
47.0,Sandwich,Double Cheeseburger,480.0,25.0,27.0,85.0,1220.0
41.0,Salades,Crispy Chicken California Cobb Salad,380.0,27.0,23.0,125.0,1170.0
20.0,Croquettes,Chicken McNuggets  (10 piece),510.0,25.0,33.0,85.0,1140.0
38.0,Sandwich,Crispy Chicken,500.0,22.0,26.0,50.0,1100.0
9.0,Sandwich,Big Mac ,580.0,24.0,33.0,85.0,1050.0
39.0,Salades,Crispy Chicken Bacon Ranch Salad,370.0,26.0,21.0,65.0,1040.0
11.0,Sandwich,Big N' Tasty  with Cheese,580.0,26.0,37.0,95.0,1030.0
109.0,Déjeuners,Sausage Biscuit with Egg,490.0,16.0,33.0,245.0,1010.0
112.0,Déjeuners,Sausage McGriddles™,420.0,11.0,23.0,35.0,970.0
56.0,Salades,Grilled Chicken California Cobb Salad,280.0,30.0,14.0,130.0,960.0
93.0,Vinaigrettes à salades,Newman's Own  Light Balsamic Vinaigrette?,90.0,0.0,8.0,0.0,950.0
108.0,Déjeuners,Sausage Biscuit,410.0,10.0,28.0,35.0,930.0
114.0,Déjeuners,Sausage McMuffin  with Egg,450.0,20.0,28.0,260.0,930.0
19.0,Sandwich,Chicken McGrill ,400.0,25.0,17.0,60.0,890.0
40.0,Salades,Crispy Chicken Caesar Salad,310.0,23.0,16.0,50.0,890.0
49.0,Déjeuners,Egg McMuffin ,300.0,18.0,12.0,235.0,840.0
84.0,Sandwich,McChicken ,430.0,14.0,23.0,45.0,840.0
54.0,Salades,Grilled Chicken Bacon Ranch Salad,270.0,28.0,13.0,75.0,830.0
69.0,Sandwich,Hot 'n Spicy McChicken ,450.0,15.0,26.0,45.0,830.0
138.0,Desserts,Vanilla Triple Thick™ Shake (32 fl oz cup),1140.0,28.0,32.0,135.0,810.0
18.0,Sandwich,Cheeseburger,330.0,15.0,14.0,45.0,800.0
10.0,Sandwich,Big N' Tasty ,530.0,24.0,32.0,80.0,790.0
113.0,Déjeuners,Sausage McMuffin ,370.0,14.0,23.0,50.0,790.0
101.0,Sandwich,Quarter Pounder  ,420.0,23.0,21.0,70.0,780.0
73.0,Déjeuners,Hotcakes (margarine 2 pats & syrup),600.0,9.0,17.0,20.0,770.0
51.0,Sandwich,Filet-O-Fish ,470.0,15.0,26.0,50.0,730.0
23.0,Croquettes,Chicken McNuggets  (6 piece),310.0,15.0,20.0,50.0,680.0
55.0,Salades,Grilled Chicken Caesar Salad,210.0,26.0,7.0,60.0,680.0
110.0,Déjeuners,Sausage Déjeuners Burrito ,290.0,13.0,16.0,170.0,680.0
12.0,Déjeuners,Biscuit,240.0,4.0,11.0,0.0,640.0
60.0,Sandwich,Hamburger,280.0,12.0,10.0,30.0,560.0
28.0,Desserts,Chocolate Triple Thick™ Shake (32 fl oz cup),1150.0,30.0,33.0,135.0,550.0
94.0,Vinaigrettes à salades,Newman's Own  Ranch Dressing,290.0,1.0,30.0,20.0,530.0
137.0,Desserts,Vanilla Triple Thick™ Shake (21 fl oz cup),750.0,18.0,21.0,90.0,530.0
5.0,Déjeuners,Bagel (plain),260.0,9.0,1.0,0.0,520.0
92.0,Vinaigrettes à salades,Newman's Own  Creamy Caesar Dressing,190.0,2.0,18.0,20.0,500.0
22.0,Croquettes,Chicken McNuggets  (4 piece),210.0,10.0,13.0,35.0,460.0
17.0,Salades,California Cobb Salad (without chicken),160.0,11.0,11.0,85.0,450.0
91.0,Vinaigrettes à salades,Newman's Own  Cobb Dressing,120.0,1.0,9.0,10.0,440.0
100.0,Desserts,Oreo  McFlurry™ (16 fl oz cup),820.0,22.0,29.0,100.0,420.0
136.0,Desserts,Vanilla Triple Thick™ Shake (16 fl oz cup),570.0,14.0,16.0,65.0,400.0
106.0,Desserts,Raspberry Triple Thick™ Shake (32 fl oz cup) ,1120.0,28.0,32.0,135.0,390.0
132.0,Frites,Super Size  Frites,610.0,9.0,29.0,0.0,390.0
131.0,Desserts,Strawberry Triple Thick™ Shake (32 fl oz cup),1120.0,28.0,32.0,135.0,380.0
15.0,Desserts,Butterfinger  McFlurry™ (16 fl oz cup),900.0,23.0,31.0,100.0,370.0
27.0,Desserts,Chocolate Triple Thick™ Shake (21 fl oz cup),750.0,19.0,22.0,90.0,360.0
80.0,Frites,Large Frites,540.0,8.0,26.0,0.0,350.0
90.0,Desserts,Nestle Crunch  McFlurry™ (16 fl oz cup),920.0,23.0,35.0,110.0,340.0
61.0,Déjeuners,Hash Browns,130.0,1.0,8.0,0.0,330.0
4.0,Salades,Bacon Ranch Salad (without chicken),140.0,9.0,10.0,25.0,310.0
83.0,Desserts,M&M  McFlurry™ (16 fl oz cup),910.0,23.0,33.0,105.0,300.0
135.0,Desserts,Vanilla Triple Thick™ Shake (12 fl oz cup),430.0,11.0,12.0,50.0,300.0
88.0,Frites,Medium Frites,450.0,6.0,22.0,0.0,290.0
107.0,Déjeuners,Sausage,170.0,6.0,16.0,35.0,290.0
26.0,Desserts,Chocolate Triple Thick™ Shake (16 fl oz cup),580.0,15.0,17.0,65.0,280.0
99.0,Desserts,Oreo  McFlurry™ (12 fl oz cup),570.0,15.0,20.0,70.0,280.0
50.0,Déjeuners,English Muffin,150.0,5.0,2.0,0.0,270.0
14.0,Desserts,Butterfinger   McFlurry ™ (12 fl oz cup),620.0,16.0,22.0,70.0,260.0
105.0,Desserts,Raspberry Triple Thick™ Shake (21 fl oz cup) ,730.0,19.0,21.0,90.0,260.0
7.0,Croquettes,Barbeque Sauce,45.0,0.0,0.0,0.0,250.0
29.0,Déjeuners,Cinnamon Roll ,340.0,5.0,15.0,35.0,250.0
86.0,Desserts,McDonaldland  Cookies,230.0,3.0,8.0,0.0,250.0
130.0,Desserts,Strawberry Triple Thick™ Shake (21 fl oz cup),730.0,19.0,21.0,90.0,250.0
53.0,Desserts,Fruit 'n Yogurt Parfait¯,380.0,10.0,5.0,15.0,240.0
72.0,Croquettes,Hot Mustard Sauce,60.0,1.0,3.0,5.0,240.0
89.0,Desserts,Nestle Crunch  McFlurry™ (12 fl oz cup),630.0,16.0,24.0,75.0,230.0
25.0,Desserts,Chocolate Triple Thick™ Shake (12 fl oz cup),430.0,11.0,12.0,50.0,210.0
82.0,Desserts,M&M  McFlurry™ (12 fl oz cup),630.0,16.0,23.0,75.0,210.0
87.0,Frites,McValue  Frites,320.0,5.0,16.0,0.0,210.0
6.0,Desserts,Baked Apple Pie,260.0,3.0,13.0,0.0,200.0
104.0,Desserts,Raspberry Triple Thick™ Shake (16 fl oz cup) ,560.0,14.0,16.0,65.0,190.0
129.0,Desserts,Strawberry Triple Thick™ Shake (16 fl oz cup),560.0,14.0,16.0,65.0,190.0
70.0,Desserts,Hot Caramel Sundae,360.0,7.0,10.0,35.0,180.0
16.0,Salades,Caesar Salad (without chicken),90.0,7.0,4.0,10.0,170.0
71.0,Desserts,Hot Fudge Sundae,340.0,8.0,12.0,30.0,170.0
85.0,Desserts,McDonaldland  Chocolate Chip Cookies,280.0,3.0,14.0,40.0,170.0
115.0,Déjeuners,Scrambled Eggs (2),160.0,13.0,11.0,425.0,170.0
24.0,Desserts,Chocolate Chip Cookie ,170.0,2.0,9.0,5.0,150.0
103.0,Desserts,Raspberry Triple Thick™ Shake (12 fl oz cup) ,420.0,11.0,12.0,50.0,150.0
125.0,Breuvages,Sprite  (Super Size ) ,410.0,0.0,0.0,0.0,150.0
13.0,Salades,Butter Garlic Croutons,50.0,1.0,1.0,0.0,140.0
128.0,Desserts,Strawberry Triple Thick™ Shake (12 fl oz cup),420.0,11.0,12.0,50.0,140.0
133.0,Croquettes,Sweet 'N Sour Sauce,50.0,0.0,0.0,0.0,140.0
117.0,Frites,Small Frites,210.0,3.0,10.0,0.0,135.0
1.0,Breuvages,Lowfat Milk,100.0,8.0,2.0,10.0,115.0
52.0,Desserts,Fruit 'n Yogurt Parfait (w/o granola)¯,280.0,8.0,4.0,15.0,115.0
122.0,Breuvages,Sprite  (Large) ,310.0,0.0,0.0,0.0,115.0
81.0,Croquettes,Light Mayonnaise?,45.0,0.0,4.0,10.0,100.0
68.0,Croquettes,Honey Mustard Sauce,50.0,0.0,4.0,10.0,95.0
127.0,Desserts,Strawberry Sundae,290.0,7.0,7.0,30.0,95.0
119.0,Desserts,Snack Size Fruit 'n Yogurt Parfait¯,160.0,4.0,2.0,5.0,85.0
123.0,Breuvages,Sprite  (Medium) ,210.0,0.0,9999.0,0.0,80.0
46.0,Breuvages,Diet Coke  (Super Size ) ,0.0,0.0,0.0,0.0,75.0
66.0,Breuvages,Hi-C  Orange Drink (Super Size ) ,460.0,0.0,0.0,0.0,75.0
134.0,Desserts,Vanilla Reduced Fat Ice Cream Cone,150.0,4.0,4.0,20.0,75.0
43.0,Breuvages,Diet Coke  (Large) ,0.0,0.0,0.0,0.0,60.0
63.0,Breuvages,Hi-C  Orange Drink (Large) ,350.0,0.0,0.0,0.0,60.0
95.0,Desserts,Nuts (for Sundaes),40.0,2.0,3.0,0.0,55.0
118.0,Desserts,Snack Size Fruit 'n Yogurt Parfait (w/o granola)¯,130.0,4.0,2.0,5.0,55.0
124.0,Breuvages,Sprite  (Small) ,150.0,0.0,0.0,0.0,55.0
34.0,Breuvages,Coca-Cola Classic  (Super Size ) ,410.0,0.0,33.0,0.0,40.0
44.0,Breuvages,Diet Coke  (Medium) ,0.0,0.0,0.0,0.0,40.0
64.0,Breuvages,Hi-C  Orange Drink (Medium) ,240.0,0.0,0.0,0.0,40.0
121.0,Breuvages,Sprite  (Child) ,110.0,0.0,0.0,0.0,40.0
31.0,Breuvages,Coca-Cola Classic  (Large) ,310.0,0.0,0.0,0.0,30.0
45.0,Breuvages,Diet Coke  (Small) ,0.0,0.0,0.0,0.0,30.0
65.0,Breuvages,Hi-C  Orange Drink (Small) ,160.0,0.0,0.0,0.0,30.0
78.0,Breuvages,Iced Tea (Super Size ),0.0,0.0,0.0,0.0,25.0
32.0,Breuvages,Coca-Cola Classic  (Medium) ,210.0,0.0,0.0,0.0,20.0
42.0,Breuvages,Diet Coke  (Child) ,0.0,0.0,0.0,0.0,20.0
62.0,Breuvages,Hi-C  Orange Drink (Child) ,120.0,0.0,0.0,0.0,20.0
75.0,Breuvages,Iced Tea (Large),0.0,0.0,0.0,0.0,20.0
79.0,Desserts,Kiddie Cone,45.0,1.0,1.0,5.0,20.0
33.0,Breuvages,Coca-Cola Classic  (Small) ,150.0,0.0,0.0,0.0,15.0
76.0,Breuvages,Iced Tea (Medium),0.0,0.0,0.0,0.0,15.0
30.0,Breuvages,Coca-Cola Classic  (Child) ,110.0,0.0,0.0,0.0,10.0
35.0,Breuvages,Coffee (Large),10.0,0.0,0.0,0.0,10.0
77.0,Breuvages,Iced Tea (Small),0.0,0.0,0.0,0.0,10.0
98.0,Breuvages,Orange Juice (21 fl oz cup),250.0,4.0,0.0,0.0,10.0
116.0,Salades,Side Salad,15.0,1.0,0.0,0.0,10.0
36.0,Breuvages,Coffee (Medium),5.0,0.0,0.0,0.0,5.0
74.0,Breuvages,Iced Tea (Child),0.0,0.0,0.0,0.0,5.0
96.0,Breuvages,Orange Juice (12 fl oz cup),140.0,2.0,0.0,0.0,5.0
97.0,Breuvages,Orange Juice (16 fl oz cup),180.0,3.0,0.0,0.0,5.0
37.0,Breuvages,Coffee (Small),0.0,0.0,0.0,0.0,0.0
58.0,Breuvages,Half & Half Creamer,15.0,0.0,1.0,5.0,0.0
67.0,Croquettes,Honey,45.0,0.0,0.0,0.0,0.0
,2,,,,,,
,2,eee,,,,,
,2,eee,333,,,,
,2,eee,333,333,,,
,2,eee,333,333,333,,
,2,eee,333,333,333,333,
,2,eee,333,333,333,333,333
